Species_Name,HeightS,SLAS,LWCS,CNS,PerNS,HeightNS,SLANS,LWCNS,CNNS,PerNNS,Genus,Species,Family,Native.Exotic,Grass.Forb.Shrub,Annual.Perennial,Monocot.Dicot
Achillea millefolium,16.2,264.3636364,0.716494845,15.70899471,1.89,77.2,138.1140268,0.598286061,18.18981481,2.16,Achillea,millefolium,Asteraceae,Native,Forb,Perennial,dicot
Achyrachaena mollis,11.1,193.9346874,0.860119213,16.65765766,2.22,17.4,248.3596215,0.841182365,19.32323232,1.98,Achyrachaena,mollis,Asteraceae,Native,Forb,Annual,dicot
Agoseris grandiflora,23.9,159.8564955,0.810294802,19.28,1.5,14.5,186.6885893,0.850038218,17.28151261,2.38,Agoseris,grandiflora,Asteraceae,Native,Forb,Perennial,dicot
Agoseris heterophylla,12.5,342.641844,0.820439351,38.21,1,30.4,197.3976608,0.804627249,19.20093458,2.14,Agoseris,heterophylla,Asteraceae,Native,Forb,Annual,dicot
Aira caryophyllea,18.2,309.3442623,0.757936508,77.40384615,0.52,19.4,183.7037037,0.4375,43.12371134,0.97,Aira,caryophyllea,Poaceae,Exotic,Grass,Annual,monocot
Allium amplectens,25,103.3018399,0.772434084,NA,NA,NA,NA,NA,NA,NA,Allium,amplectens,Liliaceae,Native,Forb,Perennial,monocot
Allium falcifolium,4.4,117.4246183,0.880425357,14.98951049,2.86,NA,NA,NA,NA,NA,Allium,falcifolium,Liliaceae,Native,Forb,Perennial,monocot
Allium fimbriatum,15.9,101.2526158,0.831205531,15.58076923,2.6,NA,NA,NA,NA,NA,Allium,fimbriatum,Liliaceae,Native,Forb,Perennial,monocot
Allium serra,NA,NA,NA,NA,NA,25.5,99.66292135,0.847213151,34.4,1.15,Allium,serra,Liliaceae,Native,Forb,Perennial,monocot
Allophyllum gilioides,NA,NA,NA,NA,NA,NA,NA,NA,NA,NA,Allophyllum,gilioides,Polemoniaceae,Native,Forb,Annual,dicot
Amsinckia menziesii,15.9,188.503612,0.843127732,14.63601533,2.61,46.2,180.0901917,0.77435767,13.56097561,2.87,Amsinckia,menziesii,Boraginaceae,Native,Forb,Annual,dicot
Anagallis arvensis,10.1,390.9952607,0.85704607,21.14583333,1.92,10.95,316.7251462,0.834382567,21.93333333,1.95,Anagallis,arvensis,Primulaceae,Exotic,Forb,Annual,dicot
Ancistrocarphus filagineus,2.4,172.893617,0.197952218,41.47368421,0.57,4.4,277.1794872,0.788043478,24.31724138,1.45,Ancistrocarphus,filagineus,Asteraceae,Native,Forb,Annual,dicot
Anthriscus caucalis,NA,NA,NA,NA,NA,54.8,398.5495551,0.878031546,9.744186047,4.3,Anthriscus,caucalis,Apiaceae,Exotic,Forb,Annual,dicot
Aphanes occidentalis,5.7,503.5087719,0.773809524,46.76136364,0.88,3.7,308.2352941,0.696428571,25.75,1.6,Aphanes,occidentalis,Rosaceae,Native,Forb,Annual,dicot
Asclepias fascicularis,28,168.3571429,0.805081796,51.87341772,0.79,50.8,189.286927,0.806453733,13.16369048,3.36,Asclepias,fascicularis,Asclepiadaceae,Native,Forb,Perennial,dicot
Astragalus breweri,6,241.6831683,0.857344633,10.79899497,3.98,16.15,192.6791277,0.786427146,15.67164179,2.68,Astragalus,breweri,Fabaceae,Native,Forb,Annual,dicot
Astragalus gambelianus,6.01,204.7292818,0.808303326,12.38904899,3.47,5.2,167.7705977,0.668452062,14.9023569,2.97,Astragalus,gambelianus,Fabaceae,Native,Forb,Annual,dicot
Astragalus rattanii var. jepsonianus,NA,NA,NA,NA,NA,26.6,166.7839506,0.821546596,12.12693498,3.23,Astragalus,rattanii var. jepsonianus,Fabaceae,Native,Forb,Annual,dicot
Athysanus pusillus,16.5,179.2666667,0.858923113,16.42035398,2.26,16.7,256.0784314,0.836012862,28.68253968,1.26,Athysanus,pusillus,Brassicaceae,Native,Forb,Annual,dicot
Atriplex triangularis,NA,NA,NA,NA,NA,NA,NA,NA,NA,NA,Atriplex,triangularis,Chenopodiaceae,Native,Forb,Annual,dicot
Avena fatua,73.1,194.0969751,0.671393071,35.59433962,1.06,56.8,221.0851506,0.694770206,33.31623932,1.17,Avena,fatua,Poaceae,Exotic,Grass,Annual,monocot
Bellardia trixago,9.3,133.3435115,0.748849693,37.81132075,1.06,18,133.5283251,0.790451613,23.34375,1.6,Bellardia,trixago,Scrophulariaceae,Exotic,Forb,Annual,dicot
Brassica nigra,NA,NA,NA,NA,NA,154.9,201.2281915,0.836034869,14.43010753,2.79,Brassica,nigra,Brassicaceae,Exotic,Forb,Annual,dicot
Briza minor,15.3,378.5909569,0.789880689,48.50588235,0.85,8.9,387.5061125,0.796213254,36.77876106,1.13,Briza,minor,Poaceae,Exotic,Grass,Annual,monocot
Brodiaea elegans,10.4,122.3929882,0.871152432,40.7628866,0.97,17.9,118.7161342,0.835369304,NA,NA,Brodiaea,elegans,Liliaceae,Native,Forb,Perennial,monocot
Bromus carinatus,112.3,135.4582433,0.720770924,19.37619048,2.1,70.7,232.4287801,0.692290402,31.50833333,1.2,Bromus,carinatus,Poaceae,Native,Grass,Perennial,monocot
Bromus diandrus,42.6,265.004817,0.763634294,NA,NA,77.2,251.4792899,0.802098073,17.17721519,2.37,Bromus,diandrus,Poaceae,Exotic,Grass,Annual,monocot
Bromus hordeaceus,48.2,235.3691275,0.600536193,66.15,0.6,36.7,302.4736842,0.735560195,37.54639175,0.97,Bromus,hordeaceus,Poaceae,Exotic,Grass,Annual,monocot
Bromus laevipes,86.2,299.5091268,0.738248967,25.6163522,1.59,85.5,329.424145,0.749009538,21.55612245,1.96,Bromus,laevipes,Poaceae,Native,Grass,Perennial,monocot
Bromus madritensis,19,193.2033248,0.69157957,32.73228346,1.27,27.8,313.1415929,0.745495495,36.18269231,1.04,Bromus,madritensis,Poaceae,Exotic,Grass,Annual,monocot
Bromus tectorum,NA,NA,NA,NA,NA,NA,NA,NA,NA,NA,Bromus,tectorum,Poaceae,Exotic,Grass,Annual,monocot
Calandrinia ciliata,2.59,195.5813953,0.892041175,18.52132701,2.11,8.48,NA,0.877413561,14.89411765,2.55,Calandrinia,ciliata,Portulacaceae,Native,Forb,Annual,dicot
Calochortus luteus,15.8,254.8820755,0.818493151,40.22857143,1.05,23.16666667,204.7244806,0.841608242,24.86982249,1.69,Calochortus,luteus,Liliaceae,Native,Forb,Perennial,monocot
Calochortus superbus,16.6,236.507177,0.820137694,38.47663551,1.07,27.3,255.4,0.840836744,31.1119403,1.34,Calochortus,superbus,Liliaceae,Native,Forb,Perennial,monocot
Calochortus vestae,38.8,138.4168443,0.836748901,32.90163934,1.22,NA,NA,NA,NA,NA,Calochortus,vestae,Liliaceae,Native,Forb,Perennial,monocot
Calycadenia pauciflora,30,99.72148541,0.758333333,23.65853659,1.64,NA,NA,NA,NA,NA,Calycadenia,pauciflora,Asteraceae,Native,Forb,Annual,dicot
Camissonia graciliflora,6.76,151.6122004,0.796482412,18.57603687,2.17,5.1,127.9002079,0.78172082,17.26811594,1.38,Camissonia,graciliflora,Onagraceae,Native,Forb,Annual,dicot
Camissonia ovata,NA,NA,NA,NA,NA,NA,NA,NA,NA,NA,Camissonia,ovata,Onagraceae,Native,Forb,Perennial,dicot
Capsella bursa-pastoris,NA,NA,NA,NA,NA,NA,NA,NA,NA,NA,Capsella,bursa-pastoris,Brassicaceae,Exotic,Forb,Annual,dicot
Cardamine oligosperma,NA,NA,NA,NA,NA,15.5,279.5645161,0.828112004,9.366292135,4.45,Cardamine,oligosperma,Brassicaceae,Native,Forb,Annual,dicot
Carduus pycnocephalus,39.6,152.5830636,0.882389483,23.0754717,1.59,55.8,163.0271946,0.903278948,18.96984925,1.99,Carduus,pycnocephalus,Asteraceae,Exotic,Forb,Annual,dicot
Castilleja attenuata,17.1,264.7557003,0.791581806,NA,NA,17.1,314.8117155,0.803776683,19.12707182,1.81,Castilleja,attenuata,Scrophulariaceae,Native,Forb,Annual,dicot
Castilleja densiflora,NA,NA,NA,NA,NA,19.9,285.3472222,0.846481876,24.04026846,1.49,Castilleja,densiflora,Scrophulariaceae,Native,Forb,Annual,dicot
Castilleja exserta,10.6,239.7251586,0.772157996,13.41342756,2.83,19.3,333.67776,0.803416329,11.93485342,3.07,Castilleja,exserta,Scrophulariaceae,Native,Forb,Annual,dicot
Castilleja rubicundula,15.1,312.5862069,0.816842105,18.94152047,1.71,20.8,299.4910941,0.778591549,22.02797203,1.43,Castilleja,rubicundula,Scrophulariaceae,Native,Forb,Annual,dicot
Centaurea melitensis,35,147.1221532,0.715715127,21.28272251,1.91,64,202.4571429,0.775497114,47.37647059,0.85,Centaurea,melitensis,Asteraceae,Exotic,Forb,Annual,dicot
Centaurea solstitialis,71.4,212.8361996,0.832980176,31.49612403,1.29,100.1,206.140308,0.829860678,17.36363636,2.31,Centaurea,solstitialis,Asteraceae,Exotic,Forb,Annual,dicot
Centaurium trichanthum,8.1,578.2370821,0.902431791,20.8680203,1.97,5.55,583.5907336,0.902850713,19.83574879,2.07,Centaurium,trichanthum,Gentianaceae,Native,Forb,Annual,dicot
Cerastium glomeratum,21.6,288.115016,0.850810296,24.46540881,1.59,21.1,245.5408971,0.845400775,33.0952381,1.05,Cerastium,glomeratum,Caryophyllaceae,Exotic,Forb,Annual,dicot
Cercocarpus betuloides,217.9,59.04780262,0.524995422,25.11979167,1.92,288,141.0297,0.667543,17.84705882,2.55,Cercocarpus,betuloides,Rosaceae,Native,Shrub,Perennial,dicot
Chaenactis glabriuscula,8.7,180.5952381,0.839694656,30.088,1.25,NA,NA,NA,NA,NA,Chaenactis,glabriuscula,Asteraceae,Native,Forb,Annual,dicot
Chamomilla suaveolens,NA,NA,NA,NA,NA,6.1,198.2664526,0.715265082,12.24561404,3.42,Chamomilla,suaveolens,Asteraceae,Exotic,Forb,Annual,dicot
Chlorogalum pomeridianum,23.47,111.4796216,0.733571873,13.46056782,3.17,39.3,141.7711608,0.808718677,23.32954545,1.76,Chlorogalum,pomeridianum,Liliaceae,Native,Forb,Perennial,monocot
Chorizanthe membranacea,26.1,112.4045802,0.682808717,32.57364341,1.29,25.2,142.7966102,0.710784314,36.83928571,1.12,Chorizanthe,membranacea,Polygonaceae,Native,Forb,Annual,dicot
Chorizanthe polygonoides,0.85,130.1086957,0.643410853,101.65,0.4,NA,NA,NA,NA,NA,Chorizanthe,polygonoides,Polygonaceae,Native,Forb,Annual,dicot
Cirsium vulgare,NA,NA,NA,NA,NA,79.9,143.2121572,0.877140852,28.8203125,1.28,Cirsium,vulgare,Asteraceae,Exotic,Forb,Perennial,dicot
Clarkia gracilis,33.5,207.2053232,0.854655982,16.22619048,2.52,16.95,159.0145985,0.759859772,21.03645833,1.92,Clarkia,gracilis,Onagraceae,Native,Forb,Annual,dicot
Clarkia purpurea,16.2,151.9294606,0.813899614,13.86824324,2.96,21.5,147.7192982,0.805460751,21.30051813,1.93,Clarkia,purpurea,Onagraceae,Native,Forb,Annual,dicot
Claytonia exigua,2.15,189.955157,0.934680726,24.32653061,1.47,3.75,169.1144708,0.928571429,61.13793103,0.58,Claytonia,exigua,Portulacaceae,Native,Forb,Annual,dicot
Claytonia parviflora,8.6,412.1597633,0.921395349,10.84660767,3.39,8.45,399.1084337,0.94597761,15.17596567,2.33,Claytonia,parviflora,Portulacaceae,Native,Forb,Annual,dicot
Collinsia heterophylla,NA,NA,NA,NA,NA,38.4,217.9583333,0.804001633,34.9137931,1.16,Collinsia,heterophylla,Scrophulariaceae,Native,Forb,Annual,dicot
Collinsia sparsiflora,9.76,227.8695652,0.847883598,9.716553288,4.41,15.7,276.56056,0.855474453,18.49763033,2.11,Collinsia,sparsiflora,Scrophulariaceae,Native,Forb,Annual,dicot
Convolvulus arvensis,NA,NA,NA,NA,NA,15.8,250.4100719,0.827874435,9.847727273,4.4,Convolvulus,arvensis,Convolvulaceae,Exotic,Forb,Annual,dicot
Crassula connata,NA,NA,NA,NA,NA,NA,NA,NA,NA,NA,Crassula,connata,Crassulaceae,Native,Forb,Annual,dicot
Cryptantha hispidula,7.3,136.1189802,0.804215197,23.91772152,1.58,32.05,158.0224719,0.814814815,20.12087912,1.82,Cryptantha,hispidula,Boraginaceae,Native,Forb,Annual,dicot
Cynosurus echinatus,29.3,339.9726027,0.776712887,56.73809524,0.84,66.1,345.4154519,0.748025712,35.58558559,1.11,Cynosurus,echinatus,Poaceae,Exotic,Grass,Annual,monocot
Dactylis glomerata,NA,NA,NA,NA,NA,111.5,157.7207977,0.721632504,24.34337349,1.66,Dactylis,glomerata,Poaceae,Exotic,Grass,Perennial,monocot
Daucus pusillus,24.2,191.9637291,0.771556189,14.57241379,2.9,12.9,229.95905,0.762636081,15.58555133,2.63,Daucus,pusillus,Apiaceae,Exotic,Forb,Annual,dicot
Delphinium hesperium,72.1,121.521079,0.821895581,19.47938144,1.94,53.4,114.2866273,0.805789996,25.8,1.45,Delphinium,hesperium,Ranunculaceae,Native,Forb,Perennial,dicot
Delphinium variegatum,21.9,138.0003081,0.823580572,19.49019608,2.04,25.8,168.0123958,0.806708803,18.74626866,2.01,Delphinium,variegatum,Ranunculaceae,Native,Forb,Perennial,dicot
Dichelostemma capitatum,17.07,102.8691335,0.819575975,18.43693694,2.22,44,99.75231575,0.863945205,27.95714286,1.4,Dichelostemma,capitatum,Liliaceae,Native,Forb,Perennial,monocot
Dodecatheon hendersonii,21.6,346.4065336,0.913609282,16.76293103,2.32,26.5,250.7094176,0.90443201,20.02139037,1.87,Dodecatheon,hendersonii,Primulaceae,Native,Forb,Perennial,dicot
Elymus elymoides,33.9,85.16469038,0.406335549,18.9408867,2.03,41,83.22156476,0.462923729,44.80263158,0.76,Elymus,elymoides,Poaceae,Native,Grass,Perennial,monocot
Elymus glaucus,83.9,238.7175664,0.638178483,24.97945205,1.46,94.7,282.3858773,0.703186197,13.42769231,3.25,Elymus,glaucus,Poaceae,Native,Grass,Perennial,monocot
Elytrigia repens,NA,NA,NA,NA,NA,101.5,81.5613577,0.567524842,29.84722222,1.44,Elytrigia,repens,Poaceae,Exotic,Grass,Perennial,monocot
Epilobium brachycarpum,108.8,144.7350427,0.778744327,15.71167883,2.74,46.3,116.22142,0.734504792,24.54705882,1.7,Epilobium,brachycarpum,Onagraceae,Native,Forb,Annual,dicot
Eremocarpus setigerus,1.45,179.5863747,0.661449753,19.47029703,2.02,1.65,198.7583893,0.736096351,15.59782609,2.76,Eremocarpus,setigerus,Euphorbiaceae,Native,Forb,Annual,dicot
Eriogonum covilleanum,21,129.8128456,0.734650113,22.36787565,1.93,NA,NA,NA,NA,NA,Eriogonum,\covilleanum\,Polygonaceae,Native,Forb,Annual,dicot
Eriogonum nudum,67.8,141.4014985,0.814092585,14.25496689,3.02,54.3,110.341,0.7529048,14.20327869,3.05,Eriogonum,nudum,Polygonaceae,Native,Shrub,Perennial,dicot
Eriogonum vimineum,13.1,117.3721654,0.775291003,16.30769231,2.47,15.4,176.0741301,0.799301655,37.19469027,1.13,Eriogonum,vimineum,Polygonaceae,Native,Forb,Annual,dicot
Eriophyllum lanatum,4.99,159.60658,0.786090309,17.98765432,2.43,51.2,196.3546798,0.794742164,31.23529412,1.36,Eriophyllum,lanatum,Asteraceae,Native,Forb,Perennial,dicot
Erodium botrys,25.04,137.6369072,0.827799228,33.28455285,1.23,14.8,201.06201,0.840884604,13.278125,3.2,Erodium,botrys,Geraniaceae,Exotic,Forb,Annual,dicot
Erodium brachycarpum,26.2,239.7447183,0.813065657,30.72463768,1.38,15.73,144.0364712,0.762245137,24.0505618,1.78,Erodium,brachycarpum,Geraniaceae,Exotic,Forb,Annual,dicot
Erodium cicutarium,12.91,163.1761417,NA,9.827272727,4.4,8.025,236.7008798,0.785129175,20.73658537,2.05,Erodium,cicutarium,Geraniaceae,Exotic,Forb,Annual,dicot
Eschscholzia californica,12.35,143.4537371,0.827153972,10.57286432,3.98,10.6,263.0736842,0.847037355,11.5369863,3.65,Eschscholzia,californica,Papaveraceae,Native,Forb,Perennial,dicot
Euphorbia crenulata,10.5,336.6371681,0.739631336,17.36046512,2.58,17.4,297.6076555,0.776709402,13.73584906,3.18,Euphorbia,crenulata,Euphorbiaceae,Native,Forb,Annual,dicot
Filago californica,18.8,261.1702128,0.672473868,18.66101695,2.36,8.85,174.7,0.616858238,37.04504505,1.11,Filago,californica,Asteraceae,Native,Forb,Annual,dicot
Filago gallica,NA,NA,NA,NA,NA,13.3,348.1609195,0.732307692,15.89015152,2.64,Filago,gallica,Asteraceae,Exotic,Forb,Annual,dicot
Fritillaria pluriflora,NA,NA,NA,NA,NA,NA,NA,NA,NA,NA,Fritillaria,pluriflora,Liliaceae,Native,Forb,Perennial,monocot
Galium aparine,NA,NA,NA,NA,NA,38.1,387.7011494,0.851977882,24.5477707,1.57,Galium,aparine,Rubiaceae,Native,Forb,Annual,dicot
Galium murale,6.2,291.3636364,0.768421053,18.50243902,2.05,4.05,250.6896552,0.712871287,17.60655738,2.44,Galium,murale,Rubiaceae,Exotic,Forb,Annual,dicot
Galium porrigens,47.8,301.3157895,0.766153846,23.96969697,1.65,NA,509.4117647,0.842592593,17.31404959,2.42,Galium,porrigens,Rubiaceae,Native,Shrub,Perennial,dicot
Gastridium ventricosum,18.8,283,0.728292971,NA,below detection,38,252.5525292,0.703301778,60.06153846,0.65,Gastridium,ventricosum,Poaceae,Exotic,Grass,Annual,monocot
Geranium dissectum,13.6,211.9635844,0.795904984,16.31048387,2.48,8.3,176.1220677,0.793695661,17.23673469,2.45,Geranium,dissectum,Geraniaceae,Exotic,Forb,Annual,dicot
Geranium molle,NA,NA,NA,NA,NA,16.6,570.3884462,0.830175913,14.83146067,2.67,Geranium,molle,Geraniaceae,Exotic,Forb,Annual,dicot
Gilia capitata,24.8,170.7974245,0.827583262,16.27906977,2.58,NA,NA,NA,NA,NA,Gilia,capitata,Polemoniaceae,Native,Forb,Annual,dicot
Gilia tricolor,9.95,252.4242424,0.825396825,25.11515152,1.65,14.7,167.5669291,0.817790531,20.53110048,2.09,Gilia,tricolor,Polemoniaceae,Native,Forb,Annual,dicot
Githopsis specularioides,3.9,305.7142857,0.722772277,19.61375661,1.89,2.1,194.7058824,0.46875,28.06849315,0.73,Githopsis,specularioides,Campanulaceae,Native,Forb,Annual,dicot
Grindelia camporum,36.5,154.8011971,0.771492771,16.31178707,2.63,66.58333333,124.190091,0.684509379,19.74311927,2.18,Grindelia,camporum,Asteraceae,Native,Forb,Perennial,dicot
Helianthella californica,NA,NA,NA,NA,NA,40,174.9147589,0.771244986,16.84462151,2.51,Helianthella,californica,Asteraceae,Native,Forb,Perennial,dicot
Helianthus exilis,57,195.0782911,0.87078806,12.0543131,3.13,NA,NA,NA,NA,NA,Helianthus,exilis,Asteraceae,Native,Forb,Annual,dicot
Hemizonia congesta,63.6,175.3085877,0.846415922,15.46938776,2.45,35.6,225.5860492,0.829465679,16.06530612,2.45,Hemizonia,congesta,Asteraceae,Native,Forb,Annual,dicot
Hesperevax sparsiflora,4.7,355,0.781206171,20.56497175,1.77,5,350.1298701,0.758998435,16.456,2.5,Hesperevax,sparsiflora,Asteraceae,Native,Forb,Annual,dicot
Hesperolinon californicum,16.7,182,0.821150855,20.48691099,1.91,NA,NA,NA,NA,NA,Hesperolinon,californicum,Linaceae,Native,Forb,Annual,dicot
Hesperolinon disjunctum,19.4,147.1551724,0.784386617,28.75735294,1.36,NA,NA,NA,NA,NA,Hesperolinon,disjunctum,Linaceae,Native,Forb,Annual,dicot
Hesperolinon micranthum,5.42,152.5,0.473684211,13.98986486,2.96,6,185.5,0.800664452,23.86826347,1.67,Hesperolinon,micranthum,Linaceae,Native,Forb,Annual,dicot
Hieracium albiflorum,5.85,237.5475802,0.87184669,13.73770492,3.05,8.6,315.0561523,0.891688923,17.96296296,2.16,Hieracium,albiflorum,Asteraceae,Native,Forb,Perennial,dicot
Holocarpha virgata,39,184.4004226,0.830178523,14.14074074,2.7,24.3,146.6566265,0.714039621,17.97706422,2.18,Holocarpha,virgata,Asteraceae,Native,Forb,Annual,dicot
Holodiscus discolor,NA,NA,NA,NA,NA,141.4,347.4350779,0.71917424,17.63346614,2.51,Holodiscus,discolor,Rosaceae,Native,Shrub,Perennial,dicot
Hordeum brachyantherum,62.8,325.5253837,0.74105778,28.60431655,1.39,54.8,183.5945946,0.589648799,42.94623656,0.93,Hordeum,brachyantherum,Poaceae,Native,Grass,Perennial,monocot
Hordeum depressum,NA,NA,NA,NA,NA,NA,NA,NA,NA,NA,Hordeum,depressum,Poaceae,Native,Grass,Annual,monocot
Hordeum marinum,15,263.2507289,0.706586826,19.5,1.98,17,252.8195489,0.6675,32.91525424,1.18,Hordeum,marinum,Poaceae,Exotic,Grass,Annual,monocot
Hordeum murinum,23.1,305.0865385,0.74939759,18.2371134,1.94,42.4,390.75,0.733460257,12.78504673,3.21,Hordeum,murinum,Poaceae,Exotic,Grass,Annual,monocot
Hypochaeris glabra,2.3,236.3098237,0.884665666,20.12021858,1.83,5.1,222.7049608,0.895226371,17.98617512,2.17,Hypochaeris,glabra,Asteraceae,Exotic,Forb,Annual,dicot
Hypochaeris radicata,14.2,246.7988741,0.898931906,16.78508772,2.28,9.5,229.4902083,0.887872292,19.05208333,1.92,Hypochaeris,radicata,Asteraceae,Exotic,Forb,Perennial,dicot
Iris douglasiana,21.7,111.1935577,0.750469043,25.67241379,1.74,65.29,99.86897694,0.754594968,25.93,1.73,Iris,douglasiana,Iridaceae,Native,Forb,Perennial,monocot
Lactuca serriola,26.3,313.0451739,0.850788006,13.34304207,3.09,18.4,317.1323379,0.869354925,20.77540107,1.87,Lactuca,serriola,Asteraceae,Exotic,Forb,Annual,dicot
Lagophylla minor,9.5,177.0489039,0.844193379,23.3557047,1.49,15.2,213.5714286,0.820768137,18.77368421,1.9,Lagophylla,minor,Asteraceae,Native,Forb,Annual,dicot
Lasthenia californica,9.14,256.9653179,0.853265479,16.25941423,2.39,17.45,433.9215686,0.881670534,NA,NA,Lasthenia,californica,Asteraceae,Native,Forb,Annual,dicot
Lathyrus vestitus,35,212.9524277,0.744646212,13.62179487,3.12,96.55555556,248.2348075,0.7929359,8.153271028,5.35,Lathyrus,vestitus,Fabaceae,Native,Forb,Perennial,dicot
Layia platyglossa,37.7,327.0077434,0.872153868,20.11931818,1.76,14.4,316.3559322,0.851665619,19.16336634,2.02,Layia,platyglossa,Asteraceae,Native,Forb,Annual,dicot
Layia septentrionalis,NA,NA,NA,NA,NA,NA,NA,NA,NA,NA,Layia,septentrionalis,Asteraceae,Native,Forb,Annual,dicot
Lepidium nitidum,10.78,159.373297,0.788289588,19.48275862,2.03,5.1,311.1731844,0.808351178,16.48706897,2.32,Lepidium,nitidum,Brassicaceae,Native,Forb,Annual,dicot
Lessingia ramulosa,19.6,227.6789168,0.75693465,17.4279476,2.29,NA,NA,NA,NA,NA,Lessingia,ramulosa,Asteraceae,Native,Forb,Annual,dicot
Linanthus bicolor,3.8,268.1538462,0.740518962,NA,NA,7.6,283.5971223,0.805049088,19.71428571,2.03,Linanthus,bicolor,Polemoniaceae,Native,Forb,Annual,dicot
Linanthus ciliatus,NA,NA,NA,NA,NA,14.4,132.8460039,0.796912114,17.31944444,2.16,Linanthus,ciliatus,Polemoniaceae,Native,Forb,Annual,dicot
Linanthus dichotomus,8.26,183.2222222,0.824789098,20.46192893,1.97,NA,NA,NA,NA,NA,Linanthus,dichotomus,Polemoniaceae,Native,Forb,Annual,dicot
Linanthus jepsonii,NA,NA,NA,NA,NA,NA,NA,NA,NA,NA,Linanthus,jepsonii,Polemoniaceae,Native,Forb,Annual,dicot
Linanthus latisectus,NA,NA,NA,NA,NA,NA,NA,NA,NA,NA,Linanthus,latisectus,Polemoniaceae,Native,Forb,Annual,dicot
Lithophragma heterophyllum,NA,NA,NA,NA,NA,35.8,412.7935448,0.872850775,16.5186722,2.41,Lithophragma,heterophyllum,Saxifragaceae,Native,Forb,Perennial,dicot
Lolium multiflorum,49.7,220.4824561,0.699505766,NA,below detection,53.5,252.2536688,0.715393795,21.15591398,1.86,Lolium,multiflorum,Poaceae,Exotic,Grass,Annual,monocot
Lomatium dasycarpum,29.4,127.7456543,0.826999486,14.90613718,2.77,25.3,72.2342418,0.739006949,16.92561983,2.42,Lomatium,dasycarpum,Apiaceae,Native,Forb,Perennial,dicot
Lomatium macrocarpum,34.6,130.5355786,0.780363245,16.39015152,2.64,NA,NA,NA,NA,NA,Lomatium,macrocarpum,Apiaceae,Native,Forb,Perennial,dicot
Lomatium marginatum,21,84.82453505,0.766271982,13.00634921,3.15,12.2,163.4059927,0.721114938,25.23225806,1.55,Lomatium,marginatum,Apiaceae,Native,Forb,Perennial,dicot
Lomatium utriculatum,11.87,84.86423156,0.801072099,15.688,2.5,19.9,145.8940862,0.789227478,15.33858268,2.54,Lomatium,utriculatum,Apiaceae,Native,Forb,Perennial,dicot
Lotus humistratus,7.5,141.10096,0.815210933,15.76076555,2.09,5.55,162.6954733,0.783903957,18.9478673,2.11,Lotus,humistratus,Fabaceae,Native,Forb,Annual,dicot
Lotus micranthus,15.85,292.1412037,0.82133995,13.34969325,3.26,13.6,267.0879121,0.777506112,8.793522267,4.94,Lotus,micranthus,Fabaceae,Native,Forb,Annual,dicot
Lotus purshianus,16.75,333.0717185,0.823879886,15.40072202,2.77,NA,NA,NA,NA,NA,Lotus,purshianus,Fabaceae,Native,Forb,Annual,dicot
Lotus wrangelianus,5.91,195.7414966,0.827626642,12.45954693,3.09,9.65,238.3460949,0.855754363,11.20930233,3.44,Lotus,wrangelianus,Fabaceae,Native,Forb,Annual,dicot
Lupinus albifrons,74.5,111.700915,0.776275168,11.7630854,3.63,58,84.3549897,0.727763902,20.22885572,2.01,Lupinus,albifrons,Fabaceae,Native,Shrub,Perennial,dicot
Lupinus bicolor,15.85,149.3274854,0.819258007,10.4739726,3.65,35.8,166.2698413,0.824669516,11.54847645,3.61,Lupinus,bicolor,Fabaceae,Native,Forb,Annual,dicot
Lupinus microcarpus,14.2,140.5690586,0.851051603,10.40730337,3.56,29.2,237.3772495,0.866920939,9.510204082,4.41,Lupinus,microcarpus,Fabaceae,Native,Forb,Annual,dicot
Lupinus succulentus,16.9,145.1173243,0.860240185,10.3415978,3.63,46.3,140.8080926,0.856983695,9.401392111,4.31,Lupinus,succulentus,Fabaceae,Native,Forb,Annual,dicot
Madia elegans,35.2,186.5177948,0.788643068,20.09326425,1.93,30.6,209.8153409,0.835935679,28.71428571,1.33,Madia,elegans,Asteraceae,Native,Forb,Annual,dicot
Madia exigua,15.9,250.755814,0.829534192,30.84,1.25,11.25,222.4161074,0.770416025,28.60992908,1.41,Madia,exigua,Asteraceae,Native,Forb,Annual,dicot
Madia gracilis,37.1,171.8381344,0.810894942,27.67375887,1.41,30.7,242.5022502,0.836111521,20.31443299,1.94,Madia,gracilis,Asteraceae,Native,Forb,Annual,dicot
Medicago polymorpha,15.89,198.9073634,0.745772947,10.34624697,4.13,19.46,271.1075949,0.779882976,9.990804598,4.35,Medicago,polymorpha,Fabaceae,Exotic,Forb,Annual,dicot
Melica californica,63.7,111.5188897,0.487857848,19.26829268,2.05,43.2,131.9361277,0.555654102,26.80921053,1.52,Melica,californica,Poaceae,Native,Grass,Perennial,monocot
Melica imperfecta,NA,NA,NA,NA,NA,NA,NA,NA,NA,NA,Melica,imperfecta,Poaceae,Native,Grass,Annual,monocot
Melica torreyana,50,283.0181347,0.576522216,29.01492537,1.34,52,397.3679654,0.65,18.44888889,2.25,Melica,torreyana,Poaceae,Native,Grass,Perennial,monocot
Melilotus indica,24.5,238.603156,0.783718872,11.0156658,3.83,74.6,169.4813278,0.776043119,13.54304636,3.02,Melilotus,indica,Fabaceae,Exotic,Forb,Annual,dicot
Micropus californicus,13.7,282.1794872,0.751592357,15.14963504,2.74,18.9,413.47896,0.77377892,16.66135458,2.51,Micropus,californicus,Asteraceae,Native,Forb,Annual,dicot
Microseris douglasii,6,278.2352941,0.834951456,16.68292683,2.46,8.55,663.7060703,0.846868885,19.28823529,1.7,Microseris,douglasii,Asteraceae,Native,Forb,Annual,dicot
Mimulus androsaceus,NA,NA,NA,NA,NA,NA,NA,NA,NA,NA,Mimulus,androsaceus,Scrophulariaceae,Native,Forb,Annual,dicot
Mimulus douglasii,1.15,207.4634146,0.817777778,26.64238411,1.51,NA,NA,NA,NA,NA,Mimulus,douglasii,Scrophulariaceae,Native,Forb,Annual,dicot
Mimulus guttatus,9.6,296.05045,0.894300684,10.97375328,3.81,13.6,572.6415094,0.898076923,12.66885246,3.05,Mimulus,guttatus,Scrophulariaceae,Native,Forb,Annual,dicot
Minuartia californica,3.6,297.5,0.636363636,19.95566502,2.03,NA,NA,NA,NA,NA,Minuartia,californica,Caryophyllaceae,Native,Forb,Annual,dicot
Minuartia douglasii,11.3,125.07616,0.812107789,30.5620438,1.37,NA,NA,NA,NA,NA,Minuartia,douglasii,Caryophyllaceae,Native,Forb,Annual,dicot
Nassella pulchra,46,78.41214535,0.516660652,37.1559633,1.09,50,157.5975474,0.645454545,41.51546392,0.97,Nassella,pulchra,Poaceae,Native,Grass,Perennial,monocot
Navarretia jepsonii,9.1,185.9598854,0.814460393,32.83064516,1.24,NA,NA,NA,NA,NA,Navarretia,jepsonii,Polemoniaceae,Native,Forb,Annual,dicot
Navarretia pubescens,11.3,170.5555556,0.803174603,26.94968553,1.59,NA,232.1025641,0.751592357,33.9765625,1.28,Navarretia,pubescens,Polemoniaceae,Native,Forb,Annual,dicot
Navarretia tagetina,NA,NA,NA,NA,NA,10.55,175.5284553,0.725446429,31.69117647,1.36,Navarretia,tagetina,Polemoniaceae,Native,Forb,Annual,dicot
Navarretia viscidula,NA,NA,NA,NA,NA,NA,NA,NA,NA,NA,Navarretia,viscidula,Polemoniaceae,Native,Forb,Annual,dicot
Nemophila heterophylla,NA,NA,NA,NA,NA,31.1,414.8351648,0.846736842,14.78490566,2.65,Nemophila,heterophylla,Hydrophyllaceae,Native,Forb,Annual,dicot
Nemophila menziesii,16.6,346.7253521,0.87466902,27.73228346,1.27,10.5,258,0.834983498,22.70414201,1.69,Nemophila,menziesii,Hydrophyllaceae,Native,Forb,Annual,dicot
Pectocarya pusilla,NA,NA,NA,NA,NA,12.25,280.8888889,0.760638298,39.29166667,0.96,Pectocarya,pusilla,Boraginaceae,Native,Forb,Annual,dicot
Perideridia kelloggii,76.7,163.1340631,0.781343971,16.53386454,2.51,112.8,132.4914994,0.827367891,14.39249147,2.93,Perideridia,kelloggii,Apiaceae,Native,Forb,Perennial,dicot
Petrorhagia prolifera,21.6,165.5727554,0.726734349,34.47058824,1.19,57.9,123.3902439,0.734455959,57.35064935,0.77,Petrorhagia,prolifera,Caryophyllaceae,Exotic,Forb,Annual,dicot
Phacelia imbricata,NA,NA,NA,NA,NA,41.9,114.298084,0.69473033,23.8961039,1.54,Phacelia,imbricata,Hydrophyllaceae,Native,Forb,Perennial,dicot
Phalaris paradoxa,NA,NA,NA,NA,NA,NA,NA,NA,NA,NA,Phalaris,paradoxa,Poaceae,Exotic,Grass,Annual,monocot
Phlox gracilis,6.2,204.2011834,0.877180233,11.79858657,2.83,8.3,235.6177156,0.83998508,19.45273632,2.01,Phlox,gracilis,Polemoniaceae,Native,Forb,Annual,dicot
Plagiobothrys nothofulvus,20.1,312.8343949,0.857897119,20.48167539,1.91,24.6,377.2642968,0.837150768,19.86528497,1.93,Plagiobothrys,nothofulvus,Boraginaceae,Native,Forb,Annual,dicot
Plantago erecta,8.04,148.0500894,0.772115777,28.86577181,1.49,6.6,137.1568627,0.734375,35.19354839,1.24,Plantago,erecta,Plantaginaceae,Native,Forb,Annual,dicot
Plectritis ciliosa,9.9,349.7282609,0.866521581,20.42105263,2.09,18.1,347.7777778,0.842302879,20.98591549,2.13,Plectritis,ciliosa,Valerianaceae,Native,Forb,Annual,dicot
Poa annua,NA,NA,NA,NA,NA,10.55,374.6621622,0.720754717,12.7202381,3.36,Poa,annua,Poaceae,Exotic,Grass,Annual,monocot
Poa bulbosa,NA,NA,NA,NA,NA,40,228.4180791,0.688380282,33.504,1.25,Poa,bulbosa,Poaceae,Exotic,Grass,Annual,monocot
Poa secunda,36.3,173.0928807,0.658399098,29.00719424,1.39,56.1,360.6956522,0.684931507,41.45098039,1.02,Poa,secunda,Poaceae,Native,Grass,Perennial,monocot
Polypogon monspeliensis,27.8,163.781362,0.665668065,53.70689655,0.58,12.05,220.944206,0.662073967,48.34722222,0.72,Polypogon,monspeliensis,Poaceae,Native,Grass,Annual,monocot
Quercus douglasii,NA,NA,NA,NA,NA,792.5,88.68044515,0.537345369,22.07655502,2.09,Quercus,douglasii,Fagaceae,Native,Tree,Perennial,dicot
Quercus durata,158,45.83602324,0.380585824,37.752,1.25,NA,NA,NA,NA,NA,Quercus,durata,Fagaceae,Native,Shrub,Perennial,dicot
Quercus lobata,NA,NA,NA,NA,NA,NA,116.7882964,0.556305554,22.72248804,2.09,Quercus,lobata,Fagaceae,Native,Shrub,Perennial,dicot
Ranunculus californicus,21.6,182.128236,0.816818307,13.2866242,3.14,23.6,153.1371409,0.814291578,18.06637168,2.26,Ranunculus,californicus,Ranunculaceae,Native,Forb,Perennial,dicot
Ranunculus occidentalis,30.6,118.3664947,0.776318681,22.81382979,1.88,48.1,246.4041426,0.851640106,18.10599078,2.17,Ranunculus,occidentalis,Ranunculaceae,Native,Forb,Perennial,dicot
Rigiopappus leptocladus,16.3,136.2566845,0.720895522,30.67407407,1.35,6.4,201.4018692,0.759550562,20.29591837,1.96,Rigiopappus,leptocladus,Asteraceae,Native,Forb,Annual,dicot
Rumex crispus,NA,NA,NA,NA,NA,113.8,222.1840874,0.85272155,15.78059072,2.37,Rumex,crispus,Polygonaceae,Exotic,Forb,Annual,dicot
Sagina apetala,NA,NA,NA,NA,NA,NA,NA,NA,NA,NA,Sagina,apetala,Caryophyllaceae,Native,Forb,Annual,dicot
Salvia columbariae,NA,NA,NA,NA,NA,14.4,123.7583001,0.835470973,23.84615385,1.82,Salvia,columbariae,Lamiaceae,Native,Shrub,Perennial,dicot
Sanicula bipinnata,NA,NA,NA,NA,NA,35.8,198.7762973,0.816944801,17.3487395,2.38,Sanicula,bipinnata,Apiaceae,Native,Forb,Perennial,dicot
Sanicula bipinnatifida,11,169.6224589,0.799161824,15.55769231,2.6,11.9,144.7086303,0.828139614,17.14107884,2.41,Sanicula,bipinnatifida,Apiaceae,Native,Forb,Perennial,dicot
Sanicula crassicaulis,15.35,217.8162942,0.833220836,20.46560847,1.89,68.3,294.9257806,0.866524459,19.09,2,Sanicula,crassicaulis,Apiaceae,Native,Forb,Perennial,dicot
Senecio eurycephalus,38.95,93.93038,0.741324764,28.11320755,1.59,NA,NA,NA,NA,NA,Senecio,eurycephalus,Asteraceae,Native,Forb,Perennial,dicot
Senecio vulgaris,31.2,184.7390841,0.854486285,17.43555556,2.25,21.15,164.2224409,0.861618088,24.00641026,1.56,Senecio,vulgaris,Asteraceae,Exotic,Forb,Annual,dicot
Sidalcea diploscypha,7.7,193.9476314,0.841476553,13.78350515,2.91,29.9,215.7332351,0.83323092,16.52674897,2.43,Sidalcea,diploscypha,Malvaceae,Native,Forb,Annual,dicot
Silene gallica,25.7,193.7367625,0.854501431,13.96078431,2.55,42.7,234.4262295,0.871788884,23.24840764,1.57,Silene,gallica,Caryophyllaceae,Exotic,Forb,Annual,dicot
Sisymbrium officinale,NA,NA,NA,NA,NA,48.8,401.5016502,0.86074301,9.832402235,3.58,Sisymbrium,officinale,Brassicaceae,Exotic,Forb,Annual,dicot
Sisyrinchium bellum,34.9,153.7578169,0.764430159,19.03317536,2.11,32.8,206.2942192,0.799982742,24.84337349,1.66,Sisyrinchium,bellum,Iridaceae,Native,Forb,Perennial,monocot
Stellaria media,NA,NA,NA,NA,NA,30,512.3865878,0.894308943,12.26732673,3.03,Stellaria,media,Caryophyllaceae,Exotic,Forb,Annual,dicot
Stellaria nitens,NA,NA,NA,NA,NA,39.8,796.9354839,0.928817451,20.49714286,1.75,Stellaria,nitens,Caryophyllaceae,Native,Forb,Annual,dicot
Streptanthus breweri,17.5,163.5646817,0.855326481,13.32508834,2.83,NA,NA,NA,NA,NA,Streptanthus,breweri,Brassicaceae,Native,Forb,Annual,dicot
Taeniatherum caput-medusae,44.8,227.8054299,0.627004219,89.675,0.4,41.2,206.031746,0.597014925,71.12280702,0.57,Taeniatherum,caput-medusae,Poaceae,Exotic,Grass,Annual,monocot
Thermopsis macrophylla,50.1,169.4629278,0.764916201,11.42469136,4.05,NA,NA,NA,NA,NA,Thermopsis,macrophylla,Fabaceae,Native,Forb,Perennial,dicot
Thysanocarpus curvipes,NA,NA,NA,NA,NA,36.6,214.8205128,0.798657718,16.00406504,2.46,Thysanocarpus,curvipes,Brassicaceae,Native,Forb,Annual,dicot
Torilis arvensis,16.3,337.3627617,0.790838068,18.15816327,1.96,29.8,381.9946572,0.758338713,15.23828125,2.56,Torilis,arvensis,Apiaceae,Exotic,Forb,Annual,dicot
Torilis nodosa,NA,NA,NA,NA,NA,12.4,296.1470138,0.826670914,15.14056225,2.49,Torilis,nodosa,Apiaceae,Exotic,Forb,Annual,dicot
Trifolium albopurpureum,10.9,250.13449,0.793641941,11.4386921,3.67,12.55,192.31508,0.689861871,12.53448276,3.48,Trifolium,albopurpureum,Fabaceae,Native,Forb,Annual,dicot
Trifolium bifidum,21.7,313.5195531,0.788915094,11.19121447,3.87,18.55,316.86212,0.7675103,10,4.44,Trifolium,bifidum,Fabaceae,Native,Forb,Annual,dicot
Trifolium ciliolatum,NA,NA,NA,NA,NA,9.3,291.4872364,0.763950747,9.788372093,4.3,Trifolium,ciliolatum,Fabaceae,Native,Forb,Annual,dicot
Trifolium depauperatum,NA,NA,NA,NA,NA,13.3,299.3856655,0.75785124,11.34357542,3.58,Trifolium,depauperatum,Fabaceae,Native,Forb,Annual,dicot
Trifolium dubium,13.9,358.8687783,0.761081081,20.73557692,2.08,8.4,311.3888889,0.64902507,15.86785714,2.8,Trifolium,dubium,Fabaceae,Exotic,Forb,Annual,dicot
Trifolium fucatum,24.9,179.9469453,0.842798292,9.368421053,4.37,24.5,336.9976359,0.88923802,8.801864802,4.29,Trifolium,fucatum,Fabaceae,Native,Forb,Annual,dicot
Trifolium gracilentum,NA,NA,NA,NA,NA,8.3,242,0.75,11.06701031,3.88,Trifolium,gracilentum,Fabaceae,Native,Forb,Annual,dicot
Trifolium hirtum,14.63,191.8261688,0.744447117,12.52852853,3.33,7.6,269.1407223,0.796914517,13.040625,3.2,Trifolium,hirtum,Fabaceae,Exotic,Forb,Annual,dicot
Trifolium microcephalum,12.2,271.1019284,0.728902166,22.09375,1.92,9.65,353.95701,0.748066748,11.13368984,3.74,Trifolium,microcephalum,Fabaceae,Native,Forb,Annual,dicot
Trifolium microdon,12.4,310.125523,0.763600396,NA,NA,23.4,321.5875,0.793495096,NA,NA,Trifolium,microdon,Fabaceae,Native,Forb,Annual,dicot
Trifolium obtusiflorum,NA,NA,NA,NA,NA,NA,NA,NA,NA,NA,Trifolium,obtusiflorum,Fabaceae,Native,Forb,Annual,dicot
Trifolium variegatum,17.7,271.4588235,0.795180723,11.8739255,3.49,16.9,555.3888889,0.891761876,12.16081871,3.42,Trifolium,variegatum,Fabaceae,Native,Forb,Annual,dicot
Trifolium willdenovii,22.4,176.6455696,0.71902786,11.85617597,5.91,26.9,266.885333,0.753750288,9.435079727,4.39,Trifolium,willdenovii,Fabaceae,Native,Forb,Annual,dicot
Triphysaria eriantha,7.68,199.9698795,0.766853933,19.71505376,1.86,10.6,186.25,0.7344754,13.29924242,2.64,Triphysaria,eriantha,Scrophulariaceae,Native,Forb,Annual,dicot
Triphysaria versicolor,16.4,300.0410959,0.813680449,18.08681672,3.11,NA,NA,NA,NA,NA,Triphysaria,versicolor ssp. faucibarbata,Scrophulariaceae,Native,Forb,Annual,dicot
Triteleia laxa,15.2,161.2901,0.8179703,33.24603175,1.26,32,126.0258492,0.786103532,39.14141414,0.99,Triteleia,laxa,Liliaceae,Native,Forb,Perennial,monocot
Uropappus lindleyi,28.4,330.0497512,0.863141171,21.59685864,1.91,18.15,279.6995708,0.848537378,27.87234043,1.41,Uropappus,lindleyi,Asteraceae,Native,Forb,Annual,dicot
Velezia rigida,NA,NA,NA,NA,NA,19.8,166.9323671,0.522491349,33.54621849,1.19,Velezia,rigida,Caryophyllaceae,Exotic,Forb,Annual,dicot
Vicia villosa,23.6,177.5662651,0.704626335,12.66467066,3.34,51,340.3370787,0.836846929,10.72040302,3.97,Vicia,villosa,Fabaceae,Exotic,Forb,Annual,dicot
Viola douglasii,9.91,121.2848297,0.814057913,12.13450292,3.42,12.5,141.3078587,0.827272727,16.33,2.55,Viola,douglasii,Violaceae,Native,Forb,Perennial,dicot
Vulpia microstachys,21.75,181.3432836,0.624299065,33.52212389,1.13,18.55,209.1666667,0.61849711,27.83802817,1.42,Vulpia,microstachys,Poaceae,Native,Grass,Annual,monocot
Vulpia myuros,25.9,104.3926789,0.656571429,33.78991597,1.19,33.4,211.9047619,0.685286104,102.7948718,0.39,Vulpia,myuros,Poaceae,Exotic,Grass,Annual,monocot
Vulpia octoflora,NA,NA,NA,NA,NA,5.3,386.2393162,0.851051603,NA,NA,Vulpia,octoflora,Poaceae,Native,Grass,Annual,monocot
Wyethia glabra,NA,NA,NA,NA,NA,35.94,130.2712742,0.78847619,18.4,2.28,Wyethia,glabra,Asteraceae,Native,Forb,Perennial,dicot
Zigadenus fremontii,29.6,155.1146894,0.827093046,NA,NA,28.2,131.5183572,0.856168981,20.62564103,1.95,Zigadenus,fremontii,Liliaceae,Native,Forb,Perennial,monocot
Adenostoma fasciculatum,187,37.4742268,0.442528736,35.97142857,1.4,225,33.12169312,0.477900552,39.5984252,1.27,Adenostoma,fasciculatum,Rosaceae,Native,Shrub,Perennial,dicot
Antirrhinum vexillo-calyculatum,60.7,171.7438174,0.848379963,24.69444444,1.8,29.3,181.4043584,0.818581155,22.08457711,2.01,Antirrhinum,vexillo-calyculatum,Plantaginaceae,Native,Forb,Annual,dicot
Apocynum cannabinum,NA,NA,NA,NA,NA,NA,NA,NA,NA,NA,Apocynum,cannabinum,Apocynaceae,Native,Forb,Perennial,dicot
Asclepias eriocarpa,NA,NA,NA,NA,NA,NA,NA,NA,NA,NA,Asclepias,eriocarpa,Apocynaceae,Native,Forb,Perennial,dicot
Bromus japonicus,NA,NA,NA,NA,NA,NA,NA,NA,NA,NA,Bromus,japonicus,Poaceae,Exotic,Grass,Annual,monocot
Cerastium vulgare,NA,NA,NA,NA,NA,NA,NA,NA,NA,NA,Cerastium,vulgare,Caryophyllaceae,Exotic,Forb,Perennial,dicot
Eriodictyon californicum,100,40.50174039,0.546961538,50.13978495,0.93,109,54.22968624,0.640621612,27.92073171,1.64,Eriodictyon,californicum,Hydrophyllaceae,Native,Shrub,Perennial,dicot
Gnaphalium californicum,NA,NA,NA,NA,NA,NA,NA,NA,NA,NA,Gnaphalium,californicum,Asteraceae,Native,Forb,Perennial,dicot
Juncus bufonius,NA,NA,NA,NA,NA,NA,NA,NA,NA,NA,Juncus,bufonius,Juncaceae,Native,Grass,Annual,monocot
Nemophila pedunculata,5.928571429,251.6633663,0.877930868,13.72636816,2.01,6.4,267.2098765,0.870192308,15.83064516,2.48,Nemophila,pedunculata,Boraginaceae,Native,Forb,Annual,dicot
Pinus sabiniana,1365,37.2543098,0.50516812,42.69230769,1.17,1180,30.18244694,0.525195335,28.04878049,1.23,Pinus,sabiniana,Pinaceae,Native,Tree,Perennial,gymnosperm
Scutellaria siphocampyloides,20.4,220.1470588,0.789473684,31.12676056,1.42,NA,NA,NA,NA,NA,Scutellaria,siphocampyloides,Lamiaceae,Native,Forb,Perennial,dicot
Tragopogon dubius,NA,NA,NA,NA,NA,NA,NA,NA,NA,NA,Tragopogon,dubius,Asteraceae,Exotic,Forb,Annual,dicot
Trichostema laxum,14.5,98.68128,0.6227701,NA,NA,NA,NA,NA,NA,NA,Trichostema,laxum,Lamiaceae,Native,Forb,Annual,dicot
Triteleia hyacinthina,NA,NA,NA,NA,NA,42.9,115.9393261,0.865569112,33.34513274,1.13,Triteleia,hyacinthina,Liliaceae,Native,Forb,Perennial,monocot
Vulpia bromoides,16.9,164.152381,0.67870257,51.1375,0.8,19.6,188.5652174,0.671428571,31.90322581,1.24,Vulpia,bromoides,Poaceae,Exotic,Grass,Annual,monocot
