Site/Project: McLaughlin 80 sites,,,
Experiment: Temporal stability,,,
"Date: Data collected 2000-2010, analyzed 2010-2011",,,
Data description: CV of cover for 41 generalists species,,,
Protocols: None,,,
CVS file & path,,,
Names of data takers: Calculated by Barbara Fernandez-Going,,,
"Column info: Species, site (1-80), soil type, and CV of cover (cover was averaged over quadrats, for a single value per site per year, then the CV of years was calculated)",,,
"Definitions & Abbreviations: S=Serpentine, N=Non-serpentine, CV=coefficient of variation",,,
species,site,soil,cv_cover
Achyrachaena mollis,1,S,0.690065559
Achyrachaena mollis,2,S,2.249828526
Achyrachaena mollis,4,S,1.104921029
Achyrachaena mollis,5,S,0.577350269
Achyrachaena mollis,7,S,0.388349888
Achyrachaena mollis,8,S,0.740408103
Achyrachaena mollis,9,S,2.415229458
Achyrachaena mollis,10,S,2.108185107
Achyrachaena mollis,11,S,0.579055887
Achyrachaena mollis,12,S,2.108185107
Achyrachaena mollis,14,S,0.879078893
Achyrachaena mollis,15,S,1.165343165
Achyrachaena mollis,16,S,0.633286617
Achyrachaena mollis,18,S,1.414213562
Achyrachaena mollis,19,S,0.8232573
Achyrachaena mollis,21,S,1.070436048
Achyrachaena mollis,22,S,1.290994449
Achyrachaena mollis,24,S,3.16227766
Achyrachaena mollis,25,N,2.108185107
Achyrachaena mollis,32,S,1.165343165
Achyrachaena mollis,34,N,1.748014747
Achyrachaena mollis,35,N,3.16227766
Achyrachaena mollis,36,N,1.610152972
Achyrachaena mollis,37,N,3.16227766
Achyrachaena mollis,42,N,2.108185107
Achyrachaena mollis,44,S,2.108185107
Achyrachaena mollis,47,S,0.790569415
Achyrachaena mollis,48,S,1.748014747
Achyrachaena mollis,50,N,3.16227766
Achyrachaena mollis,55,S,3.16227766
Achyrachaena mollis,61,N,0.860662966
Achyrachaena mollis,62,N,3.16227766
Achyrachaena mollis,63,N,1.165343165
Achyrachaena mollis,64,N,0.392351817
Achyrachaena mollis,65,N,2.538591035
Achyrachaena mollis,66,N,3.16227766
Achyrachaena mollis,67,N,1.610152972
Achyrachaena mollis,68,N,0.964212225
Achyrachaena mollis,71,N,0.566557724
Achyrachaena mollis,73,N,1.414213562
Achyrachaena mollis,75,N,3.16227766
Achyrachaena mollis,76,N,1.943650632
Achyrachaena mollis,77,N,0.570104286
Agoseris heterophylla,1,S,0.860662966
Agoseris heterophylla,2,S,0.24254364
Agoseris heterophylla,3,S,0.606070998
Agoseris heterophylla,4,S,1.075389504
Agoseris heterophylla,5,S,3.16227766
Agoseris heterophylla,6,S,1.656431155
Agoseris heterophylla,7,S,0.523383645
Agoseris heterophylla,8,S,1.610152972
Agoseris heterophylla,9,S,0.507718207
Agoseris heterophylla,10,S,0.834197937
Agoseris heterophylla,11,S,0.595766961
Agoseris heterophylla,12,S,0.903507903
Agoseris heterophylla,13,S,1.513357008
Agoseris heterophylla,14,S,0.711805217
Agoseris heterophylla,15,S,1.054092553
Agoseris heterophylla,16,S,0.451456843
Agoseris heterophylla,17,N,3.16227766
Agoseris heterophylla,18,S,0.851725413
Agoseris heterophylla,19,S,0.721221221
Agoseris heterophylla,20,S,0.647883544
Agoseris heterophylla,21,S,0.602338602
Agoseris heterophylla,22,S,3.16227766
Agoseris heterophylla,23,S,1.414213562
Agoseris heterophylla,24,S,3.16227766
Agoseris heterophylla,25,N,1.054092553
Agoseris heterophylla,26,S,0.437003687
Agoseris heterophylla,27,S,0.909915964
Agoseris heterophylla,28,S,0.953462589
Agoseris heterophylla,29,S,1.414213562
Agoseris heterophylla,30,S,0.819849764
Agoseris heterophylla,31,S,0.444444444
Agoseris heterophylla,32,S,3.16227766
Agoseris heterophylla,33,S,0.647689072
Agoseris heterophylla,37,N,3.16227766
Agoseris heterophylla,38,N,2.108185107
Agoseris heterophylla,39,N,1.748014747
Agoseris heterophylla,40,N,1.054092553
Agoseris heterophylla,41,N,0.964212225
Agoseris heterophylla,42,N,1.699673171
Agoseris heterophylla,43,N,0.909212113
Agoseris heterophylla,44,S,3.16227766
Agoseris heterophylla,45,S,2.249828526
Agoseris heterophylla,46,S,1.748014747
Agoseris heterophylla,47,S,3.16227766
Agoseris heterophylla,48,S,0.814884543
Agoseris heterophylla,49,S,1.788093653
Agoseris heterophylla,52,N,1.290994449
Agoseris heterophylla,53,N,1.610152972
Agoseris heterophylla,54,N,3.16227766
Agoseris heterophylla,55,S,1.054092553
Agoseris heterophylla,56,N,0.860662966
Agoseris heterophylla,57,N,1.355261854
Agoseris heterophylla,61,N,3.16227766
Agoseris heterophylla,63,N,1.176103718
Agoseris heterophylla,68,N,1.610152972
Agoseris heterophylla,69,N,3.16227766
Agoseris heterophylla,71,N,3.16227766
Agoseris heterophylla,75,N,1.513357008
Agoseris heterophylla,78,N,3.16227766
Agoseris heterophylla,79,N,3.16227766
Astragalus gambelianus,1,S,0.682059887
Astragalus gambelianus,2,S,0.690065559
Astragalus gambelianus,3,S,1.355261854
Astragalus gambelianus,4,S,0.438228132
Astragalus gambelianus,6,S,0.729756383
Astragalus gambelianus,7,S,0.814884543
Astragalus gambelianus,9,S,2.415229458
Astragalus gambelianus,10,S,0.647883544
Astragalus gambelianus,11,S,3.16227766
Astragalus gambelianus,12,S,0.666666667
Astragalus gambelianus,13,S,3.16227766
Astragalus gambelianus,17,N,3.16227766
Astragalus gambelianus,18,S,2.108185107
Astragalus gambelianus,19,S,3.16227766
Astragalus gambelianus,21,S,2.108185107
Astragalus gambelianus,26,S,1.41911553
Astragalus gambelianus,27,S,3.16227766
Astragalus gambelianus,28,S,2.108185107
Astragalus gambelianus,29,S,0.677202072
Astragalus gambelianus,30,S,2.108185107
Astragalus gambelianus,31,S,0.94607702
Astragalus gambelianus,36,N,3.16227766
Astragalus gambelianus,38,N,3.16227766
Astragalus gambelianus,40,N,3.16227766
Astragalus gambelianus,42,N,0.860662966
Astragalus gambelianus,46,S,2.108185107
Astragalus gambelianus,51,N,3.16227766
Astragalus gambelianus,55,S,0.437003687
Astragalus gambelianus,56,N,2.108185107
Astragalus gambelianus,57,N,1.748014747
Astragalus gambelianus,58,N,1.610152972
Astragalus gambelianus,59,N,1.748014747
Astragalus gambelianus,60,N,2.249828526
Astragalus gambelianus,71,N,3.16227766
Astragalus gambelianus,75,N,2.249828526
Athysanus pusillus,1,S,0.860662966
Athysanus pusillus,2,S,0.816496581
Athysanus pusillus,3,S,1.450119529
Athysanus pusillus,4,S,1.317397886
Athysanus pusillus,6,S,1.355261854
Athysanus pusillus,7,S,1.090874225
Athysanus pusillus,8,S,0.682059887
Athysanus pusillus,10,S,2.108185107
Athysanus pusillus,11,S,0.671854812
Athysanus pusillus,12,S,1.513357008
Athysanus pusillus,13,S,0.573562067
Athysanus pusillus,14,S,0.652533485
Athysanus pusillus,15,S,1.355261854
Athysanus pusillus,16,S,1.165343165
Athysanus pusillus,17,N,3.16227766
Athysanus pusillus,18,S,2.108185107
Athysanus pusillus,19,S,0.616581084
Athysanus pusillus,20,S,1.245745745
Athysanus pusillus,21,S,1.41911553
Athysanus pusillus,22,S,1.247219129
Athysanus pusillus,23,S,0.790569415
Athysanus pusillus,24,S,0.904026296
Athysanus pusillus,25,N,2.108185107
Athysanus pusillus,26,S,1.154700538
Athysanus pusillus,27,S,1.645701472
Athysanus pusillus,28,S,1.748014747
Athysanus pusillus,30,S,2.415229458
Athysanus pusillus,31,S,1.039400649
Athysanus pusillus,32,S,1.748014747
Athysanus pusillus,33,S,1.610152972
Athysanus pusillus,34,N,2.108185107
Athysanus pusillus,35,N,3.16227766
Athysanus pusillus,36,N,1.513357008
Athysanus pusillus,38,N,0.579055887
Athysanus pusillus,39,N,2.249828526
Athysanus pusillus,40,N,1.414213562
Athysanus pusillus,41,N,0.899626504
Athysanus pusillus,42,N,2.415229458
Athysanus pusillus,43,N,1.176103718
Athysanus pusillus,45,S,1.290994449
Athysanus pusillus,46,S,3.16227766
Athysanus pusillus,47,S,1.258762842
Athysanus pusillus,48,S,1.317397886
Athysanus pusillus,49,S,3.16227766
Athysanus pusillus,50,N,1.610152972
Athysanus pusillus,51,N,0.577350269
Athysanus pusillus,52,N,0.682929219
Athysanus pusillus,54,N,2.108185107
Athysanus pusillus,55,S,0.972883373
Athysanus pusillus,56,N,1.536590743
Athysanus pusillus,57,N,1.610152972
Athysanus pusillus,60,N,3.16227766
Athysanus pusillus,61,N,1.027402334
Athysanus pusillus,62,N,1.414213562
Athysanus pusillus,63,N,3.16227766
Athysanus pusillus,64,N,1.414213562
Athysanus pusillus,66,N,1.610152972
Athysanus pusillus,67,N,2.108185107
Athysanus pusillus,68,N,1.610152972
Athysanus pusillus,71,N,1.405456738
Athysanus pusillus,72,N,0.860662966
Athysanus pusillus,73,N,1.245745745
Athysanus pusillus,75,N,1.748014747
Athysanus pusillus,76,N,1.104921029
Athysanus pusillus,77,N,1.169712671
Athysanus pusillus,78,N,0.581518917
Athysanus pusillus,79,N,3.16227766
Athysanus pusillus,80,N,3.16227766
Avena fatua,1,S,0.087841046
Avena fatua,3,S,0.598436899
Avena fatua,4,S,2.337702421
Avena fatua,5,S,0.282065671
Avena fatua,8,S,2.108185107
Avena fatua,9,S,3.16227766
Avena fatua,11,S,3.16227766
Avena fatua,15,S,0.47485492
Avena fatua,16,S,1.355261854
Avena fatua,17,N,0.986013297
Avena fatua,19,S,1.610152972
Avena fatua,20,S,1.165343165
Avena fatua,23,S,3.16227766
Avena fatua,25,N,0.102775722
Avena fatua,32,S,0.131761569
Avena fatua,34,N,0.437003687
Avena fatua,35,N,0.112336254
Avena fatua,36,N,0.087841046
Avena fatua,37,N,0.064536279
Avena fatua,40,N,2.108185107
Avena fatua,42,N,0.364423543
Avena fatua,43,N,0.460586915
Avena fatua,44,S,0.59149424
Avena fatua,45,S,0.361484732
Avena fatua,46,S,1.885618083
Avena fatua,47,S,0.274980666
Avena fatua,48,S,0.721221221
Avena fatua,49,S,0.94607702
Avena fatua,50,N,0
Avena fatua,51,N,0.064536279
Avena fatua,52,N,0
Avena fatua,53,N,0
Avena fatua,54,N,0.087841046
Avena fatua,56,N,2.160246899
Avena fatua,58,N,0.087841046
Avena fatua,59,N,0.064536279
Avena fatua,60,N,0
Avena fatua,61,N,0.15713484
Avena fatua,62,N,0.112336254
Avena fatua,63,N,0
Avena fatua,64,N,0.871571677
Avena fatua,65,N,0.287479787
Avena fatua,66,N,0.338287988
Avena fatua,67,N,0.064536279
Avena fatua,68,N,0.064536279
Avena fatua,69,N,0.117121395
Avena fatua,70,N,0.087841046
Avena fatua,71,N,0.131761569
Avena fatua,72,N,0.405301064
Avena fatua,73,N,0.424918293
Avena fatua,74,N,0.187812057
Avena fatua,75,N,0.117121395
Avena fatua,76,N,0.102775722
Avena fatua,77,N,0.191458745
Avena fatua,78,N,0.268415838
Avena fatua,79,N,0.143606076
Avena fatua,80,N,0
Brodiaea elegans,1,S,3.16227766
Brodiaea elegans,2,S,3.16227766
Brodiaea elegans,3,S,3.16227766
Brodiaea elegans,5,S,3.16227766
Brodiaea elegans,7,S,1.943650632
Brodiaea elegans,9,S,0.986013297
Brodiaea elegans,14,S,3.16227766
Brodiaea elegans,15,S,1.748014747
Brodiaea elegans,16,S,2.108185107
Brodiaea elegans,19,S,1.414213562
Brodiaea elegans,20,S,1.513357008
Brodiaea elegans,21,S,1.414213562
Brodiaea elegans,22,S,1.610152972
Brodiaea elegans,23,S,1.791612833
Brodiaea elegans,25,N,3.16227766
Brodiaea elegans,26,S,0.942809042
Brodiaea elegans,27,S,1.097134314
Brodiaea elegans,29,S,0.860662966
Brodiaea elegans,30,S,1.414213562
Brodiaea elegans,31,S,1.290994449
Brodiaea elegans,34,N,1.513357008
Brodiaea elegans,35,N,3.16227766
Brodiaea elegans,36,N,3.16227766
Brodiaea elegans,40,N,2.249828526
Brodiaea elegans,42,N,2.160246899
Brodiaea elegans,43,N,1.169712671
Brodiaea elegans,44,S,3.16227766
Brodiaea elegans,46,S,1.290994449
Brodiaea elegans,47,S,1.610152972
Brodiaea elegans,48,S,2.108185107
Brodiaea elegans,49,S,1.943650632
Brodiaea elegans,51,N,2.108185107
Brodiaea elegans,52,N,3.16227766
Brodiaea elegans,55,S,1.699673171
Brodiaea elegans,56,N,3.16227766
Brodiaea elegans,59,N,1.405456738
Brodiaea elegans,61,N,2.415229458
Brodiaea elegans,62,N,3.16227766
Brodiaea elegans,63,N,1.610152972
Brodiaea elegans,66,N,2.108185107
Brodiaea elegans,68,N,1.791612833
Brodiaea elegans,69,N,2.108185107
Brodiaea elegans,70,N,3.16227766
Brodiaea elegans,71,N,1.748014747
Brodiaea elegans,72,N,1.405456738
Brodiaea elegans,74,N,1.41911553
Brodiaea elegans,77,N,2.108185107
Brodiaea elegans,78,N,1.699673171
Brodiaea elegans,79,N,1.536590743
Brodiaea elegans,80,N,1.610152972
Bromus hordeaceus,1,S,0.218794425
Bromus hordeaceus,2,S,0.218794425
Bromus hordeaceus,3,S,0.298761164
Bromus hordeaceus,4,S,0.484278001
Bromus hordeaceus,5,S,0.623147003
Bromus hordeaceus,6,S,0.494265468
Bromus hordeaceus,7,S,0.20184751
Bromus hordeaceus,8,S,0.102775722
Bromus hordeaceus,9,S,0.166435666
Bromus hordeaceus,10,S,0.087841046
Bromus hordeaceus,11,S,0.064536279
Bromus hordeaceus,12,S,0.087841046
Bromus hordeaceus,13,S,0.630718014
Bromus hordeaceus,14,S,0.579213123
Bromus hordeaceus,15,S,0.351364184
Bromus hordeaceus,16,S,0.152001282
Bromus hordeaceus,17,N,0.55608286
Bromus hordeaceus,18,S,0.386199677
Bromus hordeaceus,19,S,0.143606076
Bromus hordeaceus,20,S,0.495876271
Bromus hordeaceus,21,S,0
Bromus hordeaceus,22,S,0.219566314
Bromus hordeaceus,23,S,0.20184751
Bromus hordeaceus,24,S,0.112260387
Bromus hordeaceus,25,N,0.219566314
Bromus hordeaceus,26,S,0.152001282
Bromus hordeaceus,27,S,0.444444444
Bromus hordeaceus,28,S,0.112260387
Bromus hordeaceus,29,S,0.525477216
Bromus hordeaceus,30,S,0.964212225
Bromus hordeaceus,31,S,0.15713484
Bromus hordeaceus,32,S,0.087841046
Bromus hordeaceus,33,S,0.451456843
Bromus hordeaceus,34,N,0.351364184
Bromus hordeaceus,35,N,0.269651583
Bromus hordeaceus,36,N,0.064536279
Bromus hordeaceus,37,N,0.102775722
Bromus hordeaceus,38,N,0
Bromus hordeaceus,39,N,0.152001282
Bromus hordeaceus,40,N,0.219566314
Bromus hordeaceus,41,N,0.158910432
Bromus hordeaceus,42,N,0.510520324
Bromus hordeaceus,43,N,0.570491539
Bromus hordeaceus,44,S,0.064536279
Bromus hordeaceus,45,S,0.102775722
Bromus hordeaceus,46,S,0.219566314
Bromus hordeaceus,47,S,0.112260387
Bromus hordeaceus,48,S,0.246360443
Bromus hordeaceus,49,S,0.536558062
Bromus hordeaceus,50,N,0.143606076
Bromus hordeaceus,51,N,0
Bromus hordeaceus,52,N,0.064536279
Bromus hordeaceus,53,N,0.152001282
Bromus hordeaceus,54,N,0.187812057
Bromus hordeaceus,55,S,1.42964882
Bromus hordeaceus,56,N,0.087841046
Bromus hordeaceus,57,N,0.064536279
Bromus hordeaceus,58,N,0.351364184
Bromus hordeaceus,59,N,0.102775722
Bromus hordeaceus,60,N,0
Bromus hordeaceus,61,N,0.064536279
Bromus hordeaceus,62,N,0
Bromus hordeaceus,63,N,0.064536279
Bromus hordeaceus,64,N,0.064536279
Bromus hordeaceus,65,N,0.064536279
Bromus hordeaceus,66,N,0.087841046
Bromus hordeaceus,67,N,0.210019953
Bromus hordeaceus,68,N,0.064536279
Bromus hordeaceus,69,N,0.143606076
Bromus hordeaceus,70,N,0.064536279
Bromus hordeaceus,71,N,0
Bromus hordeaceus,72,N,0
Bromus hordeaceus,73,N,0.064536279
Bromus hordeaceus,74,N,0
Bromus hordeaceus,75,N,0.152001282
Bromus hordeaceus,76,N,0.191458745
Bromus hordeaceus,77,N,0
Bromus hordeaceus,78,N,0
Bromus hordeaceus,79,N,0.064536279
Bromus hordeaceus,80,N,0.424918293
Bromus madritensis,1,S,1.054092553
Bromus madritensis,2,S,2.108185107
Bromus madritensis,3,S,0.630115263
Bromus madritensis,4,S,0.729756383
Bromus madritensis,5,S,3.16227766
Bromus madritensis,7,S,0.690065559
Bromus madritensis,9,S,3.16227766
Bromus madritensis,10,S,1.165343165
Bromus madritensis,12,S,3.16227766
Bromus madritensis,13,S,1.165343165
Bromus madritensis,14,S,1.610152972
Bromus madritensis,16,S,0.986013297
Bromus madritensis,17,N,0.064536279
Bromus madritensis,18,S,0.166435666
Bromus madritensis,21,S,0.623609564
Bromus madritensis,22,S,1.610152972
Bromus madritensis,23,S,0.287479787
Bromus madritensis,25,N,0.630115263
Bromus madritensis,26,S,1.02131479
Bromus madritensis,27,S,0.471404521
Bromus madritensis,28,S,0.064536279
Bromus madritensis,29,S,0.473537584
Bromus madritensis,30,S,0.707106781
Bromus madritensis,31,S,0.178905886
Bromus madritensis,32,S,0.407682457
Bromus madritensis,35,N,1.610152972
Bromus madritensis,36,N,1.000459031
Bromus madritensis,37,N,1.245745745
Bromus madritensis,38,N,0.514558543
Bromus madritensis,39,N,3.16227766
Bromus madritensis,40,N,0.690065559
Bromus madritensis,41,N,0.412470999
Bromus madritensis,42,N,0.527046277
Bromus madritensis,44,S,0.78173596
Bromus madritensis,45,S,0.152001282
Bromus madritensis,46,S,0.320783525
Bromus madritensis,47,S,0.390739468
Bromus madritensis,48,S,0.32433617
Bromus madritensis,49,S,0.064536279
Bromus madritensis,51,N,0.657342198
Bromus madritensis,52,N,1.645701472
Bromus madritensis,53,N,0.740408103
Bromus madritensis,54,N,0.765780486
Bromus madritensis,55,S,0.313378867
Bromus madritensis,56,N,0.298761164
Bromus madritensis,57,N,0.632455532
Bromus madritensis,59,N,3.16227766
Bromus madritensis,61,N,1.610152972
Bromus madritensis,63,N,1.610152972
Bromus madritensis,75,N,0.972883373
Bromus madritensis,76,N,2.249828526
Calochortus luteus,1,S,1.054092553
Calochortus luteus,2,S,1.330243333
Calochortus luteus,3,S,1.405456738
Calochortus luteus,4,S,3.16227766
Calochortus luteus,5,S,1.290994449
Calochortus luteus,7,S,1.290994449
Calochortus luteus,8,S,1.405456738
Calochortus luteus,10,S,0.803902048
Calochortus luteus,11,S,0.740408103
Calochortus luteus,12,S,0.704280555
Calochortus luteus,15,S,2.160246899
Calochortus luteus,19,S,1.222783261
Calochortus luteus,23,S,1.748014747
Calochortus luteus,25,N,3.16227766
Calochortus luteus,39,N,1.699673171
Calochortus luteus,40,N,3.16227766
Calochortus luteus,45,S,1.176103718
Calochortus luteus,46,S,1.104921029
Calochortus luteus,47,S,2.415229458
Calochortus luteus,48,S,1.245745745
Calochortus luteus,49,S,3.16227766
Calochortus luteus,52,N,1.054092553
Calochortus luteus,55,S,0.986013297
Calochortus luteus,56,N,1.610152972
Calochortus luteus,57,N,0.783156008
Calochortus luteus,58,N,0.652533485
Calochortus luteus,59,N,1.088380909
Calochortus luteus,60,N,1.154700538
Calochortus luteus,61,N,1.41911553
Calochortus luteus,63,N,1.405456738
Calochortus luteus,64,N,2.249828526
Calochortus luteus,65,N,3.16227766
Calochortus luteus,66,N,3.16227766
Calochortus luteus,71,N,3.16227766
Calochortus luteus,77,N,3.16227766
Calochortus luteus,79,N,3.16227766
Calochortus superbus,4,S,3.16227766
Calochortus superbus,5,S,2.249828526
Calochortus superbus,8,S,3.16227766
Calochortus superbus,10,S,3.16227766
Calochortus superbus,14,S,1.610152972
Calochortus superbus,15,S,1.610152972
Calochortus superbus,20,S,3.16227766
Calochortus superbus,22,S,3.16227766
Calochortus superbus,23,S,3.16227766
Calochortus superbus,24,S,3.16227766
Calochortus superbus,32,S,2.108185107
Calochortus superbus,42,N,2.108185107
Calochortus superbus,43,N,1.791612833
Calochortus superbus,44,S,3.16227766
Calochortus superbus,45,S,1.41911553
Calochortus superbus,46,S,3.16227766
Calochortus superbus,55,S,2.249828526
Calochortus superbus,56,N,3.16227766
Calochortus superbus,57,N,1.097134314
Calochortus superbus,58,N,3.16227766
Calochortus superbus,59,N,3.16227766
Calochortus superbus,60,N,1.512118176
Calochortus superbus,61,N,1.656431155
Calochortus superbus,63,N,1.791612833
Calochortus superbus,65,N,3.16227766
Calochortus superbus,69,N,3.16227766
Calochortus superbus,70,N,2.108185107
Cerastium glomeratum,2,S,3.16227766
Cerastium glomeratum,5,S,3.16227766
Cerastium glomeratum,8,S,2.108185107
Cerastium glomeratum,9,S,3.16227766
Cerastium glomeratum,11,S,1.405456738
Cerastium glomeratum,15,S,2.629368792
Cerastium glomeratum,17,N,3.16227766
Cerastium glomeratum,20,S,3.16227766
Cerastium glomeratum,22,S,0.986013297
Cerastium glomeratum,23,S,2.249828526
Cerastium glomeratum,24,S,2.108185107
Cerastium glomeratum,25,N,0.816496581
Cerastium glomeratum,35,N,2.249828526
Cerastium glomeratum,36,N,3.16227766
Cerastium glomeratum,38,N,1.405456738
Cerastium glomeratum,39,N,1.290994449
Cerastium glomeratum,40,N,1.00172861
Cerastium glomeratum,41,N,0.964212225
Cerastium glomeratum,42,N,2.108185107
Cerastium glomeratum,43,N,2.108185107
Cerastium glomeratum,50,N,1.222783261
Cerastium glomeratum,51,N,2.249828526
Cerastium glomeratum,52,N,1.317397886
Cerastium glomeratum,53,N,3.16227766
Cerastium glomeratum,54,N,1.748014747
Cerastium glomeratum,56,N,1.165343165
Cerastium glomeratum,58,N,2.108185107
Cerastium glomeratum,59,N,2.249828526
Cerastium glomeratum,61,N,2.538591035
Cerastium glomeratum,62,N,2.415229458
Cerastium glomeratum,63,N,1.848144437
Cerastium glomeratum,64,N,2.108185107
Cerastium glomeratum,65,N,2.024159634
Cerastium glomeratum,66,N,2.108185107
Cerastium glomeratum,67,N,1.414213562
Cerastium glomeratum,68,N,0.902670934
Cerastium glomeratum,69,N,1.414213562
Cerastium glomeratum,70,N,1.290994449
Cerastium glomeratum,71,N,1.355261854
Cerastium glomeratum,72,N,2.160246899
Cerastium glomeratum,73,N,2.249828526
Cerastium glomeratum,74,N,3.16227766
Cerastium glomeratum,75,N,2.249828526
Cerastium glomeratum,77,N,1.42964882
Cerastium glomeratum,78,N,1.309952797
Cerastium glomeratum,79,N,1.693204363
Cerastium glomeratum,80,N,1.699673171
Chlorogalum pomeridianum,2,S,0.368855557
Chlorogalum pomeridianum,3,S,2.108185107
Chlorogalum pomeridianum,4,S,0.222506109
Chlorogalum pomeridianum,5,S,0.322748612
Chlorogalum pomeridianum,6,S,0.351364184
Chlorogalum pomeridianum,11,S,0.351364184
Chlorogalum pomeridianum,12,S,0.355001592
Chlorogalum pomeridianum,14,S,3.16227766
Chlorogalum pomeridianum,15,S,0.765780486
Chlorogalum pomeridianum,19,S,0.293455895
Chlorogalum pomeridianum,20,S,0.15713484
Chlorogalum pomeridianum,23,S,1.610152972
Chlorogalum pomeridianum,26,S,3.16227766
Chlorogalum pomeridianum,33,S,0.527046277
Chlorogalum pomeridianum,34,N,0.351364184
Chlorogalum pomeridianum,38,N,3.16227766
Chlorogalum pomeridianum,43,N,3.16227766
Chlorogalum pomeridianum,53,N,1.290994449
Chlorogalum pomeridianum,55,S,0.182418529
Chlorogalum pomeridianum,59,N,2.249828526
Chlorogalum pomeridianum,60,N,3.16227766
Chlorogalum pomeridianum,61,N,0.143443828
Chlorogalum pomeridianum,63,N,2.108185107
Chlorogalum pomeridianum,64,N,0.630718014
Chlorogalum pomeridianum,67,N,1.290994449
Chlorogalum pomeridianum,68,N,3.16227766
Chlorogalum pomeridianum,69,N,3.16227766
Chlorogalum pomeridianum,70,N,0.630718014
Chlorogalum pomeridianum,72,N,3.16227766
Chlorogalum pomeridianum,73,N,2.249828526
Chlorogalum pomeridianum,77,N,3.16227766
Clarkia purpurea,1,S,0.256400891
Clarkia purpurea,2,S,0.786760888
Clarkia purpurea,3,S,2.160246899
Clarkia purpurea,4,S,1.02131479
Clarkia purpurea,5,S,3.16227766
Clarkia purpurea,7,S,0.527046277
Clarkia purpurea,8,S,0.412834138
Clarkia purpurea,9,S,0.437003687
Clarkia purpurea,10,S,0.268415838
Clarkia purpurea,11,S,0.37948446
Clarkia purpurea,12,S,0.729756383
Clarkia purpurea,13,S,1.169712671
Clarkia purpurea,14,S,1.110918861
Clarkia purpurea,15,S,1.176103718
Clarkia purpurea,21,S,3.16227766
Clarkia purpurea,22,S,0.581518917
Clarkia purpurea,23,S,0.573562067
Clarkia purpurea,24,S,1.58269737
Clarkia purpurea,25,N,0.351364184
Clarkia purpurea,30,S,2.108185107
Clarkia purpurea,31,S,2.108185107
Clarkia purpurea,33,S,3.16227766
Clarkia purpurea,34,N,1.414213562
Clarkia purpurea,35,N,0.819849764
Clarkia purpurea,36,N,1.610152972
Clarkia purpurea,37,N,3.16227766
Clarkia purpurea,38,N,0.403901113
Clarkia purpurea,39,N,0.762704039
Clarkia purpurea,40,N,0.447903208
Clarkia purpurea,41,N,0.301929323
Clarkia purpurea,42,N,1.054092553
Clarkia purpurea,43,N,3.16227766
Clarkia purpurea,44,S,1.632993162
Clarkia purpurea,45,S,1.414213562
Clarkia purpurea,46,S,3.16227766
Clarkia purpurea,47,S,3.16227766
Clarkia purpurea,48,S,2.108185107
Clarkia purpurea,50,N,0.386858972
Clarkia purpurea,51,N,0.263523138
Clarkia purpurea,52,N,0.313378867
Clarkia purpurea,53,N,1.024393829
Clarkia purpurea,54,N,0.690065559
Clarkia purpurea,55,S,3.16227766
Clarkia purpurea,56,N,0.182418529
Clarkia purpurea,57,N,0.346463468
Clarkia purpurea,59,N,0.423519253
Clarkia purpurea,60,N,0.698222646
Clarkia purpurea,61,N,0.792061902
Clarkia purpurea,62,N,1.006289853
Clarkia purpurea,63,N,0.372032666
Clarkia purpurea,64,N,0.762704039
Clarkia purpurea,65,N,3.16227766
Clarkia purpurea,67,N,0.71147465
Clarkia purpurea,68,N,0.23570226
Clarkia purpurea,69,N,3.16227766
Clarkia purpurea,70,N,0.986013297
Clarkia purpurea,71,N,0.677326752
Clarkia purpurea,72,N,0.824331546
Clarkia purpurea,73,N,0.525477216
Clarkia purpurea,74,N,0.690065559
Clarkia purpurea,75,N,0.386199677
Clarkia purpurea,76,N,0.40546158
Clarkia purpurea,77,N,0.67078617
Clarkia purpurea,78,N,0.298761164
Clarkia purpurea,79,N,0.647883544
Clarkia purpurea,80,N,1.165343165
Collinsia sparsiflora,2,S,0.473537584
Collinsia sparsiflora,3,S,1.290994449
Collinsia sparsiflora,4,S,0.972883373
Collinsia sparsiflora,5,S,1.104921029
Collinsia sparsiflora,6,S,0.263523138
Collinsia sparsiflora,7,S,3.16227766
Collinsia sparsiflora,13,S,0.412470999
Collinsia sparsiflora,14,S,0.354778883
Collinsia sparsiflora,15,S,2.249828526
Collinsia sparsiflora,16,S,1.414213562
Collinsia sparsiflora,19,S,0.524049969
Collinsia sparsiflora,20,S,0.40824829
Collinsia sparsiflora,22,S,0.112260387
Collinsia sparsiflora,23,S,0.15058465
Collinsia sparsiflora,24,S,0.282842712
Collinsia sparsiflora,25,N,3.16227766
Collinsia sparsiflora,28,S,1.414213562
Collinsia sparsiflora,30,S,2.415229458
Collinsia sparsiflora,48,S,3.16227766
Collinsia sparsiflora,51,N,0.351364184
Collinsia sparsiflora,52,N,0.814884543
Collinsia sparsiflora,54,N,0.972883373
Collinsia sparsiflora,55,S,0.504131221
Collinsia sparsiflora,63,N,1.536590743
Collinsia sparsiflora,67,N,0.23570226
Collinsia sparsiflora,68,N,1.414213562
Collinsia sparsiflora,71,N,1.748014747
Collinsia sparsiflora,73,N,1.054092553
Collinsia sparsiflora,75,N,0.790569415
Collinsia sparsiflora,76,N,0.819849764
Collinsia sparsiflora,78,N,0.15058465
Dichelostemma capitatum,1,S,0.627310544
Dichelostemma capitatum,2,S,0.24254364
Dichelostemma capitatum,3,S,0.386199677
Dichelostemma capitatum,4,S,0.222506109
Dichelostemma capitatum,5,S,0.245903705
Dichelostemma capitatum,6,S,0.311804782
Dichelostemma capitatum,7,S,0.187812057
Dichelostemma capitatum,8,S,0.423519253
Dichelostemma capitatum,9,S,0.451456843
Dichelostemma capitatum,10,S,0.187812057
Dichelostemma capitatum,11,S,0.286310785
Dichelostemma capitatum,12,S,0.158910432
Dichelostemma capitatum,13,S,0.32433617
Dichelostemma capitatum,14,S,0.179967021
Dichelostemma capitatum,15,S,0.291085013
Dichelostemma capitatum,16,S,0.187812057
Dichelostemma capitatum,17,N,0.962819659
Dichelostemma capitatum,18,S,0.40546158
Dichelostemma capitatum,19,S,0.986013297
Dichelostemma capitatum,20,S,0.819849764
Dichelostemma capitatum,21,S,0.152001282
Dichelostemma capitatum,22,S,0.659966329
Dichelostemma capitatum,23,S,0.495876271
Dichelostemma capitatum,24,S,0.429738331
Dichelostemma capitatum,25,N,0.507718207
Dichelostemma capitatum,26,S,0.298602139
Dichelostemma capitatum,27,S,0
Dichelostemma capitatum,28,S,0
Dichelostemma capitatum,29,S,0
Dichelostemma capitatum,30,S,0.064536279
Dichelostemma capitatum,31,S,0.102775722
Dichelostemma capitatum,32,S,0.383280133
Dichelostemma capitatum,33,S,0.271788305
Dichelostemma capitatum,34,N,1.693204363
Dichelostemma capitatum,35,N,1.165343165
Dichelostemma capitatum,36,N,1.610152972
Dichelostemma capitatum,37,N,0.972883373
Dichelostemma capitatum,38,N,1.290994449
Dichelostemma capitatum,39,N,0.765780486
Dichelostemma capitatum,40,N,0.603807364
Dichelostemma capitatum,41,N,1.610152972
Dichelostemma capitatum,42,N,0.630718014
Dichelostemma capitatum,43,N,0.572291534
Dichelostemma capitatum,44,S,0.117121395
Dichelostemma capitatum,45,S,0.439025927
Dichelostemma capitatum,46,S,0.152001282
Dichelostemma capitatum,47,S,0.386858972
Dichelostemma capitatum,48,S,0.204124145
Dichelostemma capitatum,49,S,0.469452527
Dichelostemma capitatum,50,N,0.7200823
Dichelostemma capitatum,51,N,0.838419851
Dichelostemma capitatum,52,N,0.623147003
Dichelostemma capitatum,53,N,0.972883373
Dichelostemma capitatum,54,N,0.860662966
Dichelostemma capitatum,55,S,0.166666667
Dichelostemma capitatum,56,N,0.156964781
Dichelostemma capitatum,57,N,0.292683951
Dichelostemma capitatum,58,N,0.7200823
Dichelostemma capitatum,59,N,0.843685697
Dichelostemma capitatum,60,N,0.902670934
Dichelostemma capitatum,61,N,0.819849764
Dichelostemma capitatum,62,N,1.169712671
Dichelostemma capitatum,63,N,0.846197012
Dichelostemma capitatum,64,N,1.176103718
Dichelostemma capitatum,65,N,2.108185107
Dichelostemma capitatum,66,N,1.536590743
Dichelostemma capitatum,67,N,3.16227766
Dichelostemma capitatum,68,N,0.736273857
Dichelostemma capitatum,69,N,0.955813919
Dichelostemma capitatum,70,N,1.645701472
Dichelostemma capitatum,71,N,1.247219129
Dichelostemma capitatum,72,N,1.330243333
Dichelostemma capitatum,73,N,1.610152972
Dichelostemma capitatum,74,N,1.511274501
Dichelostemma capitatum,75,N,2.108185107
Dichelostemma capitatum,76,N,2.249828526
Dichelostemma capitatum,77,N,1.414213562
Dichelostemma capitatum,78,N,1.42964882
Dichelostemma capitatum,79,N,1.748014747
Epilobium brachycarpum,1,S,0.972883373
Epilobium brachycarpum,2,S,0.75958642
Epilobium brachycarpum,3,S,0.765780486
Epilobium brachycarpum,4,S,0.690065559
Epilobium brachycarpum,5,S,0.572291534
Epilobium brachycarpum,6,S,0.578050755
Epilobium brachycarpum,7,S,1.290994449
Epilobium brachycarpum,8,S,1.075389504
Epilobium brachycarpum,9,S,2.415229458
Epilobium brachycarpum,10,S,3.16227766
Epilobium brachycarpum,11,S,3.16227766
Epilobium brachycarpum,13,S,2.108185107
Epilobium brachycarpum,14,S,0.549938733
Epilobium brachycarpum,15,S,1.165343165
Epilobium brachycarpum,16,S,0.729986177
Epilobium brachycarpum,19,S,0.879078893
Epilobium brachycarpum,20,S,0.986013297
Epilobium brachycarpum,21,S,0.902670934
Epilobium brachycarpum,22,S,0.912870929
Epilobium brachycarpum,23,S,0.765780486
Epilobium brachycarpum,24,S,0.55876027
Epilobium brachycarpum,25,N,1.222783261
Epilobium brachycarpum,28,S,2.249828526
Epilobium brachycarpum,29,S,1.450119529
Epilobium brachycarpum,30,S,1.104921029
Epilobium brachycarpum,31,S,1.176103718
Epilobium brachycarpum,38,N,0.936971159
Epilobium brachycarpum,39,N,3.16227766
Epilobium brachycarpum,40,N,0.657342198
Epilobium brachycarpum,41,N,0.776895443
Epilobium brachycarpum,42,N,1.414213562
Epilobium brachycarpum,43,N,1.054092553
Epilobium brachycarpum,44,S,0.802044172
Epilobium brachycarpum,45,S,0.666666667
Epilobium brachycarpum,46,S,1.165343165
Epilobium brachycarpum,48,S,2.249828526
Epilobium brachycarpum,53,N,2.108185107
Epilobium brachycarpum,54,N,0.671854812
Epilobium brachycarpum,55,S,0.921777198
Epilobium brachycarpum,56,N,3.16227766
Epilobium brachycarpum,57,N,3.16227766
Epilobium brachycarpum,58,N,1.791612833
Epilobium brachycarpum,59,N,0.647689072
Epilobium brachycarpum,60,N,1.223355484
Epilobium brachycarpum,61,N,2.249828526
Epilobium brachycarpum,62,N,3.16227766
Epilobium brachycarpum,64,N,1.748014747
Epilobium brachycarpum,67,N,1.178103442
Epilobium brachycarpum,68,N,1.015128696
Epilobium brachycarpum,69,N,2.249828526
Epilobium brachycarpum,70,N,1.247219129
Epilobium brachycarpum,71,N,1.42964882
Epilobium brachycarpum,72,N,1.054092553
Epilobium brachycarpum,73,N,2.108185107
Epilobium brachycarpum,74,N,1.176103718
Epilobium brachycarpum,75,N,1.290994449
Epilobium brachycarpum,76,N,1.054092553
Epilobium brachycarpum,77,N,0.984321537
Epilobium brachycarpum,78,N,0.893650441
Epilobium brachycarpum,79,N,2.108185107
Epilobium brachycarpum,80,N,2.249828526
Eremocarpus setigerus,4,S,3.16227766
Eremocarpus setigerus,5,S,2.249828526
Eremocarpus setigerus,6,S,2.249828526
Eremocarpus setigerus,7,S,1.610152972
Eremocarpus setigerus,8,S,1.610152972
Eremocarpus setigerus,9,S,1.054092553
Eremocarpus setigerus,10,S,0.580378236
Eremocarpus setigerus,11,S,2.415229458
Eremocarpus setigerus,12,S,0.846197012
Eremocarpus setigerus,13,S,0.553494118
Eremocarpus setigerus,14,S,3.16227766
Eremocarpus setigerus,15,S,1.405456738
Eremocarpus setigerus,16,S,1.000459031
Eremocarpus setigerus,17,N,1.186342028
Eremocarpus setigerus,18,S,1.088380909
Eremocarpus setigerus,20,S,0.986013297
Eremocarpus setigerus,21,S,3.16227766
Eremocarpus setigerus,25,N,1.290994449
Eremocarpus setigerus,26,S,0.690065559
Eremocarpus setigerus,27,S,3.16227766
Eremocarpus setigerus,29,S,0.412470999
Eremocarpus setigerus,30,S,1.165343165
Eremocarpus setigerus,31,S,1.414213562
Eremocarpus setigerus,33,S,1.748014747
Eremocarpus setigerus,37,N,3.16227766
Eremocarpus setigerus,38,N,1.791612833
Eremocarpus setigerus,39,N,1.414213562
Eremocarpus setigerus,40,N,2.249828526
Eremocarpus setigerus,41,N,3.16227766
Eremocarpus setigerus,42,N,0.964212225
Eremocarpus setigerus,43,N,2.108185107
Eremocarpus setigerus,44,S,0.94607702
Eremocarpus setigerus,45,S,1.028841161
Eremocarpus setigerus,46,S,0.578331324
Eremocarpus setigerus,47,S,0.785674201
Eremocarpus setigerus,48,S,0.602338602
Eremocarpus setigerus,49,S,0.463579836
Eremocarpus setigerus,52,N,3.16227766
Eremocarpus setigerus,55,S,0.740161811
Eremocarpus setigerus,79,N,3.16227766
Eremocarpus setigerus,80,N,2.108185107
Erodium cicutarium,1,S,0.194223861
Erodium cicutarium,3,S,0.351364184
Erodium cicutarium,6,S,3.16227766
Erodium cicutarium,8,S,1.290994449
Erodium cicutarium,15,S,0.519191198
Erodium cicutarium,17,N,0.143606076
Erodium cicutarium,19,S,1.290994449
Erodium cicutarium,25,N,3.16227766
Erodium cicutarium,28,S,0.690065559
Erodium cicutarium,32,S,1.610152972
Erodium cicutarium,33,S,3.16227766
Erodium cicutarium,34,N,0.912870929
Erodium cicutarium,35,N,0.345231703
Erodium cicutarium,36,N,0.525235738
Erodium cicutarium,37,N,0.7200823
Erodium cicutarium,38,N,0.566727938
Erodium cicutarium,39,N,0.603692343
Erodium cicutarium,40,N,0.495367967
Erodium cicutarium,41,N,0.384147686
Erodium cicutarium,42,N,1.024393829
Erodium cicutarium,45,S,3.16227766
Erodium cicutarium,49,S,0.519191198
Erodium cicutarium,50,N,0.322748612
Erodium cicutarium,51,N,0.351364184
Erodium cicutarium,52,N,0.523383645
Erodium cicutarium,53,N,0.516042011
Erodium cicutarium,54,N,3.16227766
Erodium cicutarium,56,N,0.272165527
Erodium cicutarium,57,N,0.606070998
Erodium cicutarium,58,N,1.104921029
Erodium cicutarium,59,N,0.879078893
Erodium cicutarium,60,N,0.891924468
Erodium cicutarium,61,N,2.160246899
Erodium cicutarium,62,N,1.452740049
Erodium cicutarium,63,N,0.573562067
Erodium cicutarium,64,N,0.437003687
Erodium cicutarium,65,N,1.247219129
Erodium cicutarium,66,N,1.054092553
Erodium cicutarium,67,N,3.16227766
Erodium cicutarium,68,N,0.921777198
Erodium cicutarium,69,N,2.108185107
Erodium cicutarium,70,N,0.860662966
Erodium cicutarium,71,N,0.707106781
Erodium cicutarium,72,N,1.054092553
Erodium cicutarium,73,N,0.71147465
Erodium cicutarium,74,N,0.507718207
Erodium cicutarium,75,N,0.222506109
Erodium cicutarium,76,N,0.351364184
Erodium cicutarium,77,N,1.222783261
Erodium cicutarium,78,N,0.602338602
Erodium cicutarium,79,N,1.56347192
Erodium cicutarium,80,N,1.024393829
Euphorbia crenulata,1,S,0.471404521
Euphorbia crenulata,2,S,0.972883373
Euphorbia crenulata,3,S,1.610152972
Euphorbia crenulata,4,S,0.322748612
Euphorbia crenulata,5,S,0.891924468
Euphorbia crenulata,6,S,0.570104286
Euphorbia crenulata,7,S,0.371573763
Euphorbia crenulata,8,S,1.054092553
Euphorbia crenulata,9,S,0.942809042
Euphorbia crenulata,10,S,1.176103718
Euphorbia crenulata,15,S,0.437003687
Euphorbia crenulata,19,S,0.524049969
Euphorbia crenulata,20,S,0.765780486
Euphorbia crenulata,22,S,0.860662966
Euphorbia crenulata,24,S,0.527046277
Euphorbia crenulata,25,N,3.16227766
Euphorbia crenulata,29,S,1.290994449
Euphorbia crenulata,30,S,0.524049969
Euphorbia crenulata,31,S,0.666666667
Euphorbia crenulata,32,S,3.16227766
Euphorbia crenulata,38,N,1.791612833
Euphorbia crenulata,40,N,3.16227766
Euphorbia crenulata,42,N,0.35855029
Euphorbia crenulata,43,N,0.371679007
Euphorbia crenulata,45,S,1.290994449
Euphorbia crenulata,51,N,3.16227766
Euphorbia crenulata,52,N,0.986013297
Euphorbia crenulata,56,N,0.351364184
Euphorbia crenulata,58,N,2.108185107
Euphorbia crenulata,59,N,0.677202072
Euphorbia crenulata,61,N,0.263523138
Euphorbia crenulata,63,N,0.579213123
Euphorbia crenulata,64,N,0.516042011
Euphorbia crenulata,67,N,0.293455895
Euphorbia crenulata,77,N,0.291085013
Euphorbia crenulata,78,N,0.525235738
Filago gallica,3,S,2.108185107
Filago gallica,4,S,3.16227766
Filago gallica,7,S,1.748014747
Filago gallica,8,S,2.108185107
Filago gallica,15,S,0.816496581
Filago gallica,24,S,2.249828526
Filago gallica,29,S,3.16227766
Filago gallica,30,S,3.16227766
Filago gallica,35,N,1.610152972
Filago gallica,36,N,1.148670729
Filago gallica,37,N,1.317397886
Filago gallica,38,N,1.317397886
Filago gallica,39,N,1.414213562
Filago gallica,40,N,0.816496581
Filago gallica,41,N,0.814884543
Filago gallica,42,N,0.860662966
Filago gallica,47,S,3.16227766
Filago gallica,50,N,3.16227766
Filago gallica,51,N,0.879078893
Filago gallica,52,N,0.964212225
Filago gallica,53,N,2.108185107
Filago gallica,54,N,0.67078617
Filago gallica,55,S,2.108185107
Filago gallica,56,N,0.964212225
Filago gallica,57,N,3.16227766
Filago gallica,59,N,3.16227766
Filago gallica,60,N,3.16227766
Filago gallica,63,N,1.45932506
Filago gallica,66,N,3.16227766
Filago gallica,67,N,3.16227766
Filago gallica,78,N,1.165343165
Gastridium ventricosum,8,S,1.610152972
Gastridium ventricosum,9,S,2.108185107
Gastridium ventricosum,10,S,1.405456738
Gastridium ventricosum,11,S,1.290994449
Gastridium ventricosum,12,S,1.540596809
Gastridium ventricosum,16,S,1.610152972
Gastridium ventricosum,22,S,2.108185107
Gastridium ventricosum,25,N,1.148670729
Gastridium ventricosum,26,S,1.536590743
Gastridium ventricosum,27,S,1.788093653
Gastridium ventricosum,28,S,1.039400649
Gastridium ventricosum,29,S,3.16227766
Gastridium ventricosum,30,S,2.249828526
Gastridium ventricosum,32,S,1.791612833
Gastridium ventricosum,38,N,1.290994449
Gastridium ventricosum,39,N,1.317397886
Gastridium ventricosum,40,N,2.249828526
Gastridium ventricosum,49,S,2.108185107
Gastridium ventricosum,51,N,3.16227766
Gastridium ventricosum,53,N,3.16227766
Gastridium ventricosum,54,N,3.16227766
Gastridium ventricosum,56,N,1.165343165
Gastridium ventricosum,57,N,1.610152972
Gastridium ventricosum,58,N,3.16227766
Gastridium ventricosum,61,N,3.16227766
Gastridium ventricosum,62,N,3.16227766
Gastridium ventricosum,63,N,1.791612833
Gastridium ventricosum,64,N,3.16227766
Gastridium ventricosum,65,N,3.16227766
Gastridium ventricosum,66,N,3.16227766
Gastridium ventricosum,67,N,3.16227766
Gastridium ventricosum,69,N,3.16227766
Gastridium ventricosum,74,N,3.16227766
Gastridium ventricosum,77,N,3.16227766
Gastridium ventricosum,78,N,1.610152972
Gastridium ventricosum,79,N,3.16227766
Hemizonia congesta,1,S,0.519191198
Hemizonia congesta,2,S,0.156964781
Hemizonia congesta,3,S,0.510520324
Hemizonia congesta,4,S,0.117121395
Hemizonia congesta,5,S,0.23424279
Hemizonia congesta,6,S,0.42613887
Hemizonia congesta,7,S,0.272165527
Hemizonia congesta,8,S,0.443684116
Hemizonia congesta,9,S,0.064536279
Hemizonia congesta,11,S,0.955813919
Hemizonia congesta,13,S,0.087841046
Hemizonia congesta,14,S,0.20184751
Hemizonia congesta,15,S,0.380556208
Hemizonia congesta,16,S,0.152001282
Hemizonia congesta,18,S,2.249828526
Hemizonia congesta,19,S,0.087841046
Hemizonia congesta,20,S,0.131761569
Hemizonia congesta,21,S,0.384147686
Hemizonia congesta,22,S,0.188852575
Hemizonia congesta,23,S,0.064536279
Hemizonia congesta,24,S,0.187812057
Hemizonia congesta,25,N,2.108185107
Hemizonia congesta,26,S,1.772368313
Hemizonia congesta,27,S,0.256400891
Hemizonia congesta,28,S,1.497312956
Hemizonia congesta,29,S,0.207581747
Hemizonia congesta,30,S,0
Hemizonia congesta,31,S,0
Hemizonia congesta,32,S,0.15713484
Hemizonia congesta,33,S,0.064536279
Hemizonia congesta,34,N,1.405456738
Hemizonia congesta,35,N,3.16227766
Hemizonia congesta,39,N,3.16227766
Hemizonia congesta,40,N,3.16227766
Hemizonia congesta,42,N,0.504131221
Hemizonia congesta,43,N,0.220624023
Hemizonia congesta,44,S,0.112260387
Hemizonia congesta,45,S,0.313825351
Hemizonia congesta,46,S,0.087841046
Hemizonia congesta,47,S,0.143606076
Hemizonia congesta,48,S,0.064536279
Hemizonia congesta,49,S,0.143606076
Hemizonia congesta,51,N,3.16227766
Hemizonia congesta,52,N,0.964212225
Hemizonia congesta,55,S,1.024393829
Hemizonia congesta,56,N,2.538591035
Hemizonia congesta,57,N,3.16227766
Hemizonia congesta,58,N,3.16227766
Hemizonia congesta,62,N,1.41911553
Hemizonia congesta,65,N,2.249828526
Hemizonia congesta,66,N,3.16227766
Hemizonia congesta,68,N,1.290994449
Hemizonia congesta,69,N,0.630718014
Hemizonia congesta,70,N,0.581518917
Hemizonia congesta,77,N,0.690065559
Holocarpha virgata,1,S,0.437003687
Holocarpha virgata,2,S,2.415229458
Holocarpha virgata,3,S,0.210818511
Holocarpha virgata,4,S,2.108185107
Holocarpha virgata,5,S,3.16227766
Holocarpha virgata,6,S,3.16227766
Holocarpha virgata,7,S,0.131761569
Holocarpha virgata,8,S,0.527046277
Holocarpha virgata,10,S,0
Holocarpha virgata,11,S,0.287479787
Holocarpha virgata,12,S,0
Holocarpha virgata,16,S,3.16227766
Holocarpha virgata,17,N,3.16227766
Holocarpha virgata,18,S,0.213559765
Holocarpha virgata,21,S,0.179967021
Holocarpha virgata,22,S,3.16227766
Holocarpha virgata,25,N,0.471404521
Holocarpha virgata,26,S,0
Holocarpha virgata,27,S,0.117363132
Holocarpha virgata,28,S,0.210019953
Holocarpha virgata,29,S,3.16227766
Holocarpha virgata,30,S,1.610152972
Holocarpha virgata,31,S,0.623147003
Holocarpha virgata,33,S,2.108185107
Holocarpha virgata,34,N,1.512118176
Holocarpha virgata,35,N,0.682929219
Holocarpha virgata,36,N,0.682059887
Holocarpha virgata,37,N,1.054092553
Holocarpha virgata,38,N,0.351364184
Holocarpha virgata,39,N,0.371573763
Holocarpha virgata,40,N,0.313466947
Holocarpha virgata,41,N,0.527046277
Holocarpha virgata,42,N,0.657342198
Holocarpha virgata,52,N,0.677202072
Holocarpha virgata,54,N,3.16227766
Holocarpha virgata,56,N,0.451456843
Holocarpha virgata,57,N,0
Holocarpha virgata,59,N,0.311804782
Holocarpha virgata,60,N,0.47020042
Holocarpha virgata,61,N,0.657342198
Holocarpha virgata,62,N,0.765780486
Holocarpha virgata,63,N,0.475749355
Holocarpha virgata,64,N,0.657342198
Holocarpha virgata,65,N,1.132448189
Holocarpha virgata,66,N,0.882791588
Holocarpha virgata,68,N,0.573562067
Holocarpha virgata,69,N,3.16227766
Holocarpha virgata,71,N,0.374971421
Holocarpha virgata,72,N,0.412834138
Holocarpha virgata,73,N,3.16227766
Holocarpha virgata,74,N,0.575014835
Holocarpha virgata,75,N,0.222222222
Holocarpha virgata,76,N,3.16227766
Holocarpha virgata,77,N,1.245745745
Holocarpha virgata,78,N,0.814884543
Holocarpha virgata,79,N,0.666666667
Holocarpha virgata,80,N,1.040997728
Hypochaeris glabra,3,S,1.610152972
Hypochaeris glabra,4,S,3.16227766
Hypochaeris glabra,10,S,2.108185107
Hypochaeris glabra,11,S,0.729756383
Hypochaeris glabra,12,S,0.819849764
Hypochaeris glabra,15,S,0.351364184
Hypochaeris glabra,21,S,1.748014747
Hypochaeris glabra,22,S,2.108185107
Hypochaeris glabra,23,S,0.860662966
Hypochaeris glabra,25,N,0.368855557
Hypochaeris glabra,27,S,2.108185107
Hypochaeris glabra,28,S,2.108185107
Hypochaeris glabra,31,S,1.290994449
Hypochaeris glabra,32,S,0.964212225
Hypochaeris glabra,34,N,3.16227766
Hypochaeris glabra,35,N,1.330243333
Hypochaeris glabra,36,N,1.943650632
Hypochaeris glabra,37,N,2.160246899
Hypochaeris glabra,38,N,0.729756383
Hypochaeris glabra,39,N,0.735093193
Hypochaeris glabra,40,N,0.15058465
Hypochaeris glabra,41,N,0.785674201
Hypochaeris glabra,42,N,0.507718207
Hypochaeris glabra,43,N,0.838419851
Hypochaeris glabra,45,S,1.936491673
Hypochaeris glabra,47,S,3.16227766
Hypochaeris glabra,49,S,0.986013297
Hypochaeris glabra,50,N,0.955813919
Hypochaeris glabra,51,N,0.635641726
Hypochaeris glabra,52,N,1.610152972
Hypochaeris glabra,53,N,3.16227766
Hypochaeris glabra,56,N,0.112260387
Hypochaeris glabra,57,N,0.131761569
Hypochaeris glabra,58,N,0.282180752
Hypochaeris glabra,59,N,0.575014835
Hypochaeris glabra,60,N,0.292004634
Hypochaeris glabra,61,N,1.405456738
Hypochaeris glabra,62,N,1.176103718
Hypochaeris glabra,63,N,0.72092846
Hypochaeris glabra,64,N,0.851725413
Hypochaeris glabra,65,N,2.024159634
Hypochaeris glabra,66,N,1.355261854
Hypochaeris glabra,68,N,1.290994449
Hypochaeris glabra,69,N,1.610152972
Hypochaeris glabra,70,N,3.16227766
Hypochaeris glabra,71,N,2.249828526
Hypochaeris glabra,73,N,3.16227766
Hypochaeris glabra,74,N,2.249828526
Hypochaeris glabra,75,N,0.802044172
Hypochaeris glabra,76,N,0.633286617
Hypochaeris glabra,78,N,0.516042011
Hypochaeris glabra,79,N,1.201850425
Hypochaeris glabra,80,N,1.699673171
Lactuca serriola,1,S,2.108185107
Lactuca serriola,3,S,0.986013297
Lactuca serriola,5,S,0.940355258
Lactuca serriola,6,S,2.249828526
Lactuca serriola,8,S,3.16227766
Lactuca serriola,9,S,0.816496581
Lactuca serriola,10,S,3.16227766
Lactuca serriola,11,S,3.16227766
Lactuca serriola,14,S,1.414213562
Lactuca serriola,15,S,0.76011695
Lactuca serriola,16,S,1.42964882
Lactuca serriola,17,N,3.16227766
Lactuca serriola,18,S,2.108185107
Lactuca serriola,19,S,1.748014747
Lactuca serriola,20,S,0.929073316
Lactuca serriola,21,S,1.165343165
Lactuca serriola,22,S,2.108185107
Lactuca serriola,23,S,3.16227766
Lactuca serriola,24,S,1.414213562
Lactuca serriola,25,N,2.108185107
Lactuca serriola,29,S,1.414213562
Lactuca serriola,30,S,1.610152972
Lactuca serriola,31,S,2.108185107
Lactuca serriola,32,S,1.943650632
Lactuca serriola,33,S,3.16227766
Lactuca serriola,34,N,1.169712671
Lactuca serriola,35,N,1.610152972
Lactuca serriola,36,N,1.748014747
Lactuca serriola,39,N,2.108185107
Lactuca serriola,40,N,1.610152972
Lactuca serriola,41,N,3.16227766
Lactuca serriola,42,N,0.304915779
Lactuca serriola,43,N,0.519191198
Lactuca serriola,44,S,3.16227766
Lactuca serriola,45,S,2.249828526
Lactuca serriola,46,S,2.108185107
Lactuca serriola,47,S,3.16227766
Lactuca serriola,48,S,3.16227766
Lactuca serriola,49,S,1.610152972
Lactuca serriola,50,N,1.610152972
Lactuca serriola,51,N,3.16227766
Lactuca serriola,52,N,2.108185107
Lactuca serriola,53,N,2.249828526
Lactuca serriola,54,N,2.108185107
Lactuca serriola,57,N,3.16227766
Lactuca serriola,58,N,1.536590743
Lactuca serriola,59,N,1.656431155
Lactuca serriola,60,N,1.610152972
Lactuca serriola,64,N,2.249828526
Lactuca serriola,68,N,3.16227766
Lactuca serriola,69,N,1.165343165
Lactuca serriola,70,N,1.148670729
Lactuca serriola,71,N,3.16227766
Lactuca serriola,72,N,1.450119529
Lactuca serriola,73,N,3.16227766
Lactuca serriola,74,N,0.972883373
Lactuca serriola,75,N,2.108185107
Lactuca serriola,76,N,1.290994449
Lactuca serriola,77,N,3.16227766
Lepidium nitidum,2,S,1.290994449
Lepidium nitidum,3,S,2.108185107
Lepidium nitidum,6,S,3.16227766
Lepidium nitidum,8,S,3.16227766
Lepidium nitidum,10,S,0.962819659
Lepidium nitidum,11,S,1.610152972
Lepidium nitidum,13,S,3.16227766
Lepidium nitidum,14,S,2.108185107
Lepidium nitidum,16,S,1.104921029
Lepidium nitidum,17,N,2.249828526
Lepidium nitidum,20,S,3.16227766
Lepidium nitidum,22,S,2.024159634
Lepidium nitidum,27,S,3.16227766
Lepidium nitidum,33,S,3.16227766
Lepidium nitidum,36,N,3.16227766
Lepidium nitidum,38,N,1.405456738
Lepidium nitidum,39,N,2.415229458
Lepidium nitidum,40,N,2.108185107
Lepidium nitidum,41,N,3.16227766
Lepidium nitidum,45,S,3.16227766
Lepidium nitidum,47,S,1.610152972
Lepidium nitidum,48,S,1.748014747
Lepidium nitidum,49,S,3.16227766
Lepidium nitidum,55,S,1.414213562
Lepidium nitidum,56,N,3.16227766
Lepidium nitidum,61,N,3.16227766
Lepidium nitidum,63,N,2.108185107
Lepidium nitidum,64,N,3.16227766
Lepidium nitidum,65,N,2.160246899
Lepidium nitidum,66,N,3.16227766
Lepidium nitidum,70,N,2.108185107
Lepidium nitidum,76,N,3.16227766
Linanthus bicolor,6,S,0.707106781
Linanthus bicolor,7,S,0.413449115
Linanthus bicolor,8,S,0.351364184
Linanthus bicolor,10,S,0.311045002
Linanthus bicolor,11,S,0.439025927
Linanthus bicolor,12,S,1.610152972
Linanthus bicolor,13,S,1.222783261
Linanthus bicolor,14,S,0.790569415
Linanthus bicolor,15,S,1.290994449
Linanthus bicolor,16,S,1.290994449
Linanthus bicolor,19,S,0.669212825
Linanthus bicolor,21,S,1.513357008
Linanthus bicolor,24,S,1.405456738
Linanthus bicolor,25,N,3.16227766
Linanthus bicolor,26,S,0.469452527
Linanthus bicolor,38,N,1.561496591
Linanthus bicolor,39,N,1.349439756
Linanthus bicolor,40,N,1.210297989
Linanthus bicolor,41,N,0.942809042
Linanthus bicolor,50,N,1.054092553
Linanthus bicolor,51,N,1.699673171
Linanthus bicolor,52,N,0.690065559
Linanthus bicolor,54,N,1.054092553
Linanthus bicolor,56,N,0.484278001
Linanthus bicolor,61,N,0.912870929
Linanthus bicolor,63,N,1.148670729
Linanthus bicolor,67,N,2.108185107
Linanthus bicolor,73,N,1.054092553
Linanthus bicolor,75,N,1.632993162
Linanthus bicolor,78,N,0.580378236
Linanthus bicolor,79,N,1.610152972
Lolium multiflorum,1,S,0.527046277
Lolium multiflorum,2,S,0.412834138
Lolium multiflorum,3,S,0.986013297
Lolium multiflorum,5,S,0.860662966
Lolium multiflorum,6,S,3.16227766
Lolium multiflorum,7,S,0.503734611
Lolium multiflorum,8,S,0.525969572
Lolium multiflorum,9,S,0.443684116
Lolium multiflorum,10,S,1.943650632
Lolium multiflorum,11,S,0.371573763
Lolium multiflorum,13,S,3.16227766
Lolium multiflorum,14,S,0.666666667
Lolium multiflorum,15,S,0.438228132
Lolium multiflorum,16,S,0.351364184
Lolium multiflorum,17,N,1.610152972
Lolium multiflorum,18,S,3.16227766
Lolium multiflorum,19,S,0.603807364
Lolium multiflorum,20,S,0.087841046
Lolium multiflorum,21,S,0.40824829
Lolium multiflorum,22,S,0.334224468
Lolium multiflorum,23,S,0.595766961
Lolium multiflorum,24,S,0.385554216
Lolium multiflorum,34,N,0.687667826
Lolium multiflorum,35,N,0.519191198
Lolium multiflorum,36,N,3.16227766
Lolium multiflorum,39,N,2.108185107
Lolium multiflorum,40,N,0.795995487
Lolium multiflorum,41,N,1.610152972
Lolium multiflorum,42,N,0.929073316
Lolium multiflorum,43,N,0.59093684
Lolium multiflorum,47,S,3.16227766
Lolium multiflorum,48,S,1.290994449
Lolium multiflorum,52,N,1.699673171
Lolium multiflorum,53,N,3.16227766
Lolium multiflorum,54,N,0.527046277
Lolium multiflorum,61,N,0.654437446
Lolium multiflorum,62,N,0.437003687
Lolium multiflorum,63,N,0.986013297
Lolium multiflorum,64,N,0.606777414
Lolium multiflorum,65,N,0.443292392
Lolium multiflorum,66,N,0.087841046
Lolium multiflorum,68,N,3.16227766
Lolium multiflorum,69,N,0.245903705
Lolium multiflorum,70,N,0.351364184
Lolium multiflorum,73,N,1.12687234
Lolium multiflorum,74,N,0.893650441
Lolium multiflorum,75,N,0.630718014
Lolium multiflorum,78,N,0.767834071
Lolium multiflorum,79,N,1.513357008
Lolium multiflorum,80,N,1.513357008
Lotus wrangelianus,1,S,0.191653192
Lotus wrangelianus,2,S,0.595766961
Lotus wrangelianus,3,S,0.469452527
Lotus wrangelianus,4,S,0.204124145
Lotus wrangelianus,5,S,3.16227766
Lotus wrangelianus,7,S,0.166666667
Lotus wrangelianus,8,S,2.108185107
Lotus wrangelianus,9,S,1.414213562
Lotus wrangelianus,10,S,0.256400891
Lotus wrangelianus,11,S,0.271788305
Lotus wrangelianus,12,S,0.282842712
Lotus wrangelianus,13,S,1.889995894
Lotus wrangelianus,14,S,2.249828526
Lotus wrangelianus,15,S,1.610152972
Lotus wrangelianus,16,S,0.402538243
Lotus wrangelianus,18,S,0.562457131
Lotus wrangelianus,19,S,0.409008072
Lotus wrangelianus,21,S,0.182418529
Lotus wrangelianus,22,S,0.816496581
Lotus wrangelianus,23,S,1.104921029
Lotus wrangelianus,24,S,3.16227766
Lotus wrangelianus,25,N,0.371573763
Lotus wrangelianus,26,S,0.282180752
Lotus wrangelianus,27,S,0.577350269
Lotus wrangelianus,28,S,0.220624023
Lotus wrangelianus,29,S,1.699673171
Lotus wrangelianus,30,S,0.271788305
Lotus wrangelianus,31,S,0.179967021
Lotus wrangelianus,32,S,0.372032666
Lotus wrangelianus,33,S,1.024393829
Lotus wrangelianus,34,N,1.748014747
Lotus wrangelianus,35,N,0.558048999
Lotus wrangelianus,37,N,3.16227766
Lotus wrangelianus,38,N,0.955813919
Lotus wrangelianus,39,N,1.02131479
Lotus wrangelianus,40,N,0.630115263
Lotus wrangelianus,41,N,2.108185107
Lotus wrangelianus,42,N,0.471404521
Lotus wrangelianus,43,N,3.16227766
Lotus wrangelianus,44,S,0.469452527
Lotus wrangelianus,45,S,0.15713484
Lotus wrangelianus,46,S,0.368855557
Lotus wrangelianus,47,S,0.816496581
Lotus wrangelianus,48,S,0.204529866
Lotus wrangelianus,49,S,0.630718014
Lotus wrangelianus,50,N,3.16227766
Lotus wrangelianus,51,N,0.519191198
Lotus wrangelianus,52,N,0.40824829
Lotus wrangelianus,53,N,0.765780486
Lotus wrangelianus,54,N,0.527046277
Lotus wrangelianus,55,S,0.647883544
Lotus wrangelianus,56,N,1.405456738
Lotus wrangelianus,57,N,0.527046277
Lotus wrangelianus,58,N,0.439025927
Lotus wrangelianus,59,N,0.904026296
Lotus wrangelianus,60,N,0.220624023
Lotus wrangelianus,62,N,1.405456738
Lotus wrangelianus,63,N,0.249980947
Lotus wrangelianus,64,N,0.630718014
Lotus wrangelianus,65,N,3.16227766
Lotus wrangelianus,66,N,3.16227766
Lotus wrangelianus,68,N,1.414213562
Lotus wrangelianus,70,N,3.16227766
Lotus wrangelianus,72,N,3.16227766
Lotus wrangelianus,73,N,0.986013297
Lotus wrangelianus,74,N,1.165343165
Lotus wrangelianus,75,N,1.290994449
Lotus wrangelianus,76,N,1.054092553
Lotus wrangelianus,78,N,1.024393829
Lotus wrangelianus,79,N,2.108185107
Lupinus bicolor,1,S,0.368855557
Lupinus bicolor,3,S,0.510520324
Lupinus bicolor,4,S,3.16227766
Lupinus bicolor,7,S,1.054092553
Lupinus bicolor,8,S,0.602338602
Lupinus bicolor,9,S,1.610152972
Lupinus bicolor,11,S,0.268415838
Lupinus bicolor,12,S,3.16227766
Lupinus bicolor,14,S,0.657342198
Lupinus bicolor,15,S,0.846197012
Lupinus bicolor,19,S,1.097134314
Lupinus bicolor,22,S,0.628539361
Lupinus bicolor,23,S,0.652533485
Lupinus bicolor,24,S,0.287479787
Lupinus bicolor,25,N,1.414213562
Lupinus bicolor,34,N,1.148670729
Lupinus bicolor,35,N,0.630718014
Lupinus bicolor,36,N,1.221906525
Lupinus bicolor,37,N,0.598436899
Lupinus bicolor,38,N,0.506039908
Lupinus bicolor,39,N,1.3964646
Lupinus bicolor,40,N,1.087040868
Lupinus bicolor,41,N,0.633286617
Lupinus bicolor,42,N,0.566557724
Lupinus bicolor,43,N,1.610152972
Lupinus bicolor,50,N,2.124389689
Lupinus bicolor,51,N,1.844661968
Lupinus bicolor,58,N,2.108185107
Lupinus bicolor,59,N,1.405456738
Lupinus bicolor,60,N,0.473537584
Lupinus bicolor,61,N,0.879078893
Lupinus bicolor,62,N,0.713624032
Lupinus bicolor,63,N,0.522467161
Lupinus bicolor,64,N,1.015128696
Lupinus bicolor,65,N,1.145004025
Lupinus bicolor,66,N,1.087040868
Lupinus bicolor,67,N,0.473537584
Lupinus bicolor,68,N,0.418207029
Lupinus bicolor,70,N,0.647883544
Lupinus bicolor,71,N,0.638737905
Lupinus bicolor,72,N,0.869226987
Lupinus bicolor,73,N,0.383280133
Lupinus bicolor,74,N,0.767834071
Lupinus bicolor,75,N,0.684934889
Lupinus bicolor,76,N,2.108185107
Lupinus bicolor,77,N,0.442807443
Lupinus bicolor,78,N,0.698222646
Lupinus bicolor,79,N,1.222783261
Lupinus bicolor,80,N,3.16227766
Medicago polymorpha,1,S,0.986013297
Medicago polymorpha,2,S,3.16227766
Medicago polymorpha,3,S,3.16227766
Medicago polymorpha,5,S,1.748014747
Medicago polymorpha,7,S,0.860662966
Medicago polymorpha,8,S,0.790569415
Medicago polymorpha,11,S,3.16227766
Medicago polymorpha,15,S,0.819849764
Medicago polymorpha,17,N,0.35855029
Medicago polymorpha,20,S,1.610152972
Medicago polymorpha,22,S,1.610152972
Medicago polymorpha,23,S,2.108185107
Medicago polymorpha,24,S,1.054092553
Medicago polymorpha,29,S,3.16227766
Medicago polymorpha,34,N,1.040997728
Medicago polymorpha,35,N,0.882345531
Medicago polymorpha,36,N,1.936491673
Medicago polymorpha,37,N,1.844661968
Medicago polymorpha,40,N,0.942809042
Medicago polymorpha,41,N,1.176103718
Medicago polymorpha,42,N,0.690065559
Medicago polymorpha,43,N,0.711805217
Medicago polymorpha,45,S,0.986013297
Medicago polymorpha,50,N,1.610152972
Medicago polymorpha,51,N,1.290994449
Medicago polymorpha,52,N,2.108185107
Medicago polymorpha,53,N,0.630115263
Medicago polymorpha,54,N,0.630718014
Medicago polymorpha,56,N,0.527046277
Medicago polymorpha,58,N,0.986013297
Medicago polymorpha,59,N,0.67078617
Medicago polymorpha,61,N,1.414213562
Medicago polymorpha,62,N,0.625425026
Medicago polymorpha,63,N,0.790569415
Medicago polymorpha,64,N,0.666666667
Medicago polymorpha,65,N,1.110242716
Medicago polymorpha,66,N,1.247219129
Medicago polymorpha,67,N,1.610152972
Medicago polymorpha,68,N,0.795995487
Medicago polymorpha,69,N,0.495876271
Medicago polymorpha,70,N,1.024393829
Medicago polymorpha,72,N,3.16227766
Medicago polymorpha,73,N,3.16227766
Medicago polymorpha,74,N,0.690065559
Medicago polymorpha,75,N,0.790569415
Medicago polymorpha,76,N,0.630718014
Medicago polymorpha,77,N,2.160246899
Medicago polymorpha,78,N,0.372032666
Medicago polymorpha,79,N,1.414213562
Micropus californicus,1,S,1.290994449
Micropus californicus,3,S,0.197642354
Micropus californicus,4,S,0.603807364
Micropus californicus,5,S,2.108185107
Micropus californicus,6,S,1.290994449
Micropus californicus,7,S,0.437003687
Micropus californicus,8,S,0.666666667
Micropus californicus,10,S,0.23424279
Micropus californicus,11,S,0.342169388
Micropus californicus,12,S,0.094280904
Micropus californicus,13,S,2.249828526
Micropus californicus,14,S,1.309952797
Micropus californicus,15,S,0.657342198
Micropus californicus,16,S,3.16227766
Micropus californicus,18,S,1.844661968
Micropus californicus,19,S,0.351364184
Micropus californicus,21,S,0.682929219
Micropus californicus,22,S,0.1518817
Micropus californicus,23,S,0.729756383
Micropus californicus,24,S,0.838419851
Micropus californicus,25,N,0.577350269
Micropus californicus,26,S,0.415059335
Micropus californicus,27,S,0.489078246
Micropus californicus,28,S,0.143606076
Micropus californicus,29,S,0.374971421
Micropus californicus,30,S,0.499702646
Micropus californicus,31,S,0.765780486
Micropus californicus,32,S,2.108185107
Micropus californicus,35,N,3.16227766
Micropus californicus,38,N,0.623609564
Micropus californicus,39,N,1.229774646
Micropus californicus,40,N,0.392351817
Micropus californicus,41,N,1.610152972
Micropus californicus,44,S,0.986013297
Micropus californicus,45,S,1.610152972
Micropus californicus,47,S,0.652533485
Micropus californicus,48,S,0.471404521
Micropus californicus,50,N,0.902670934
Micropus californicus,51,N,0.767834071
Micropus californicus,52,N,0.904026296
Micropus californicus,53,N,1.165343165
Micropus californicus,54,N,0.633286617
Micropus californicus,55,S,1.12687234
Micropus californicus,56,N,0.390739468
Micropus californicus,57,N,0.417698447
Micropus californicus,59,N,0.964212225
Micropus californicus,62,N,3.16227766
Micropus californicus,63,N,0.397177974
Micropus californicus,64,N,0.986013297
Micropus californicus,75,N,0.765780486
Micropus californicus,78,N,1.075754253
Nassella pulchra,1,S,0.623147003
Nassella pulchra,2,S,0.612706637
Nassella pulchra,3,S,0.304915779
Nassella pulchra,4,S,0.418207029
Nassella pulchra,5,S,0.577350269
Nassella pulchra,6,S,0.416950017
Nassella pulchra,7,S,0.573775311
Nassella pulchra,9,S,0.210818511
Nassella pulchra,11,S,0.42613887
Nassella pulchra,12,S,3.16227766
Nassella pulchra,15,S,1.176103718
Nassella pulchra,16,S,0.205648794
Nassella pulchra,17,N,0.368855557
Nassella pulchra,18,S,0.388349888
Nassella pulchra,19,S,0.633286617
Nassella pulchra,21,S,0.205648794
Nassella pulchra,22,S,0.816496581
Nassella pulchra,23,S,0.471404521
Nassella pulchra,24,S,0.351364184
Nassella pulchra,25,N,3.16227766
Nassella pulchra,26,S,1.610152972
Nassella pulchra,27,S,3.16227766
Nassella pulchra,28,S,2.249828526
Nassella pulchra,30,S,0.311045002
Nassella pulchra,31,S,0.222222222
Nassella pulchra,33,S,0.277664376
Nassella pulchra,36,N,3.16227766
Nassella pulchra,40,N,1.054092553
Nassella pulchra,42,N,0.986013297
Nassella pulchra,44,S,0.411425368
Nassella pulchra,45,S,0.602338602
Nassella pulchra,46,S,0.339934634
Nassella pulchra,48,S,0.729756383
Nassella pulchra,53,N,1.290994449
Nassella pulchra,54,N,0.860662966
Nassella pulchra,56,N,3.16227766
Nassella pulchra,57,N,3.16227766
Nassella pulchra,58,N,0.579213123
Nassella pulchra,59,N,0.860662966
Nassella pulchra,60,N,0.902670934
Nassella pulchra,62,N,0.904026296
Nassella pulchra,63,N,0.371573763
Nassella pulchra,64,N,0.633286617
Nassella pulchra,65,N,2.249828526
Nassella pulchra,68,N,3.16227766
Nassella pulchra,72,N,1.290994449
Nassella pulchra,73,N,2.249828526
Nassella pulchra,74,N,0.603807364
Nassella pulchra,75,N,3.16227766
Nassella pulchra,77,N,3.16227766
Navarretia pubescens,1,S,1.610152972
Navarretia pubescens,2,S,3.16227766
Navarretia pubescens,4,S,3.16227766
Navarretia pubescens,8,S,1.054092553
Navarretia pubescens,10,S,0.087841046
Navarretia pubescens,11,S,0.579213123
Navarretia pubescens,12,S,1.205400951
Navarretia pubescens,17,N,0.690065559
Navarretia pubescens,18,S,3.16227766
Navarretia pubescens,22,S,2.108185107
Navarretia pubescens,25,N,0.484278001
Navarretia pubescens,26,S,1.054092553
Navarretia pubescens,28,S,0.210818511
Navarretia pubescens,38,N,1.41911553
Navarretia pubescens,39,N,0.795995487
Navarretia pubescens,40,N,0.94607702
Navarretia pubescens,42,N,3.16227766
Navarretia pubescens,45,S,0.519191198
Navarretia pubescens,46,S,1.290994449
Navarretia pubescens,47,S,0.384147686
Navarretia pubescens,48,S,1.490711985
Navarretia pubescens,49,S,0.397028563
Navarretia pubescens,50,N,1.610152972
Navarretia pubescens,51,N,1.610152972
Navarretia pubescens,52,N,0.412470999
Navarretia pubescens,53,N,3.16227766
Navarretia pubescens,54,N,0.690065559
Navarretia pubescens,56,N,0.189196099
Navarretia pubescens,57,N,0.347542818
Navarretia pubescens,59,N,1.148670729
Navarretia pubescens,60,N,1.104921029
Navarretia pubescens,61,N,3.16227766
Navarretia pubescens,63,N,0.527046277
Navarretia pubescens,64,N,0.860662966
Navarretia pubescens,66,N,3.16227766
Navarretia pubescens,67,N,1.610152972
Navarretia pubescens,68,N,0.690065559
Navarretia pubescens,71,N,2.108185107
Navarretia pubescens,72,N,3.16227766
Navarretia pubescens,75,N,0.32433617
Navarretia pubescens,76,N,1.165343165
Navarretia pubescens,77,N,1.610152972
Navarretia pubescens,78,N,0.785674201
Navarretia pubescens,79,N,1.943650632
Phlox gracilis,1,S,0.860662966
Phlox gracilis,2,S,1.054092553
Phlox gracilis,4,S,0.846197012
Phlox gracilis,5,S,0.899626504
Phlox gracilis,6,S,0.790569415
Phlox gracilis,7,S,2.108185107
Phlox gracilis,8,S,3.16227766
Phlox gracilis,9,S,3.16227766
Phlox gracilis,12,S,3.16227766
Phlox gracilis,14,S,0.647883544
Phlox gracilis,20,S,1.355261854
Phlox gracilis,22,S,1.176103718
Phlox gracilis,23,S,3.16227766
Phlox gracilis,29,S,3.16227766
Phlox gracilis,36,N,3.16227766
Phlox gracilis,47,S,1.610152972
Phlox gracilis,48,S,1.610152972
Phlox gracilis,50,N,1.748014747
Phlox gracilis,51,N,0.690065559
Phlox gracilis,52,N,0.891924468
Phlox gracilis,54,N,2.108185107
Phlox gracilis,63,N,1.610152972
Phlox gracilis,68,N,1.247219129
Phlox gracilis,71,N,0.860662966
Phlox gracilis,73,N,2.108185107
Phlox gracilis,75,N,2.108185107
Phlox gracilis,76,N,3.16227766
Plantago erecta,1,S,0.473537584
Plantago erecta,2,S,0.287479787
Plantago erecta,3,S,0.188852575
Plantago erecta,4,S,0.457373668
Plantago erecta,5,S,0.816496581
Plantago erecta,6,S,0.313378867
Plantago erecta,7,S,0.287167682
Plantago erecta,8,S,2.108185107
Plantago erecta,9,S,3.16227766
Plantago erecta,10,S,0
Plantago erecta,11,S,0.287167682
Plantago erecta,12,S,0.23424279
Plantago erecta,13,S,0.649753964
Plantago erecta,14,S,0.733617369
Plantago erecta,15,S,0.351364184
Plantago erecta,16,S,0.15058465
Plantago erecta,17,N,0.178905886
Plantago erecta,18,S,0.143606076
Plantago erecta,19,S,1.054092553
Plantago erecta,21,S,0.323492788
Plantago erecta,22,S,0.281718085
Plantago erecta,23,S,0.499432785
Plantago erecta,24,S,0.351364184
Plantago erecta,25,N,0.281718085
Plantago erecta,26,S,0.087841046
Plantago erecta,27,S,0.131761569
Plantago erecta,28,S,0.064536279
Plantago erecta,29,S,0.117121395
Plantago erecta,30,S,0.241825417
Plantago erecta,31,S,0.351364184
Plantago erecta,32,S,0.179967021
Plantago erecta,33,S,0.364423543
Plantago erecta,34,N,3.16227766
Plantago erecta,35,N,0.765780486
Plantago erecta,36,N,0.733617369
Plantago erecta,37,N,0.579213123
Plantago erecta,38,N,0.287167682
Plantago erecta,39,N,0.351364184
Plantago erecta,40,N,0.355001592
Plantago erecta,41,N,0.733617369
Plantago erecta,42,N,0.527046277
Plantago erecta,43,N,2.108185107
Plantago erecta,44,S,0.254436134
Plantago erecta,45,S,0.152001282
Plantago erecta,46,S,0.117121395
Plantago erecta,47,S,0.117121395
Plantago erecta,48,S,0.117121395
Plantago erecta,49,S,0.064536279
Plantago erecta,51,N,0.67078617
Plantago erecta,52,N,0.516042011
Plantago erecta,53,N,0.860662966
Plantago erecta,54,N,3.16227766
Plantago erecta,55,S,0.292004634
Plantago erecta,56,N,0.117121395
Plantago erecta,57,N,0.24254364
Plantago erecta,58,N,2.108185107
Plantago erecta,59,N,1.610152972
Plantago erecta,60,N,1.148670729
Plantago erecta,61,N,2.108185107
Plantago erecta,62,N,1.513357008
Plantago erecta,63,N,0.964212225
Plantago erecta,64,N,0.962819659
Plantago erecta,65,N,2.108185107
Plantago erecta,66,N,1.405456738
Plantago erecta,71,N,0.790569415
Plantago erecta,73,N,0.860662966
Plantago erecta,75,N,0.471404521
Plantago erecta,76,N,1.054092553
Plantago erecta,78,N,0.765780486
Plantago erecta,79,N,1.610152972
Taeniatherum caput-medusae,1,S,0.100389767
Taeniatherum caput-medusae,2,S,1.229774646
Taeniatherum caput-medusae,3,S,0.416950017
Taeniatherum caput-medusae,4,S,0.635641726
Taeniatherum caput-medusae,5,S,0.218794425
Taeniatherum caput-medusae,7,S,0.288675135
Taeniatherum caput-medusae,8,S,0
Taeniatherum caput-medusae,9,S,3.16227766
Taeniatherum caput-medusae,10,S,0.666666667
Taeniatherum caput-medusae,11,S,0.215961181
Taeniatherum caput-medusae,12,S,0.43204938
Taeniatherum caput-medusae,14,S,0.690065559
Taeniatherum caput-medusae,15,S,0
Taeniatherum caput-medusae,16,S,0.972883373
Taeniatherum caput-medusae,17,N,1.290994449
Taeniatherum caput-medusae,18,S,2.538591035
Taeniatherum caput-medusae,19,S,0.765780486
Taeniatherum caput-medusae,20,S,2.108185107
Taeniatherum caput-medusae,21,S,1.610152972
Taeniatherum caput-medusae,22,S,0.443684116
Taeniatherum caput-medusae,23,S,0.417698447
Taeniatherum caput-medusae,24,S,0.493441207
Taeniatherum caput-medusae,25,N,0.405301064
Taeniatherum caput-medusae,26,S,3.16227766
Taeniatherum caput-medusae,28,S,2.108185107
Taeniatherum caput-medusae,30,S,2.249828526
Taeniatherum caput-medusae,32,S,0.573775311
Taeniatherum caput-medusae,34,N,0.421668373
Taeniatherum caput-medusae,35,N,0.291335791
Taeniatherum caput-medusae,36,N,0.713624032
Taeniatherum caput-medusae,37,N,1.41911553
Taeniatherum caput-medusae,38,N,0.117121395
Taeniatherum caput-medusae,39,N,0.274980666
Taeniatherum caput-medusae,40,N,0.087841046
Taeniatherum caput-medusae,41,N,1.610152972
Taeniatherum caput-medusae,42,N,0.117121395
Taeniatherum caput-medusae,43,N,0.064536279
Taeniatherum caput-medusae,44,S,0.277664376
Taeniatherum caput-medusae,45,S,0.420541384
Taeniatherum caput-medusae,46,S,0.437003687
Taeniatherum caput-medusae,47,S,0.334224468
Taeniatherum caput-medusae,48,S,0.202030509
Taeniatherum caput-medusae,49,S,0.657342198
Taeniatherum caput-medusae,51,N,0.516042011
Taeniatherum caput-medusae,52,N,0.15058465
Taeniatherum caput-medusae,54,N,2.238601766
Taeniatherum caput-medusae,56,N,3.16227766
Taeniatherum caput-medusae,57,N,0.23570226
Taeniatherum caput-medusae,58,N,0.064536279
Taeniatherum caput-medusae,59,N,0.087841046
Taeniatherum caput-medusae,60,N,0
Taeniatherum caput-medusae,61,N,0.064536279
Taeniatherum caput-medusae,62,N,0.064536279
Taeniatherum caput-medusae,63,N,0.274980666
Taeniatherum caput-medusae,64,N,0.087841046
Taeniatherum caput-medusae,65,N,0.087841046
Taeniatherum caput-medusae,66,N,0
Taeniatherum caput-medusae,67,N,2.108185107
Taeniatherum caput-medusae,68,N,0
Taeniatherum caput-medusae,69,N,0.204124145
Taeniatherum caput-medusae,70,N,0.087841046
Taeniatherum caput-medusae,71,N,0
Taeniatherum caput-medusae,72,N,0
Taeniatherum caput-medusae,73,N,0.336717515
Taeniatherum caput-medusae,74,N,0.064536279
Taeniatherum caput-medusae,75,N,0.24254364
Taeniatherum caput-medusae,76,N,0.523383645
Taeniatherum caput-medusae,77,N,0
Taeniatherum caput-medusae,78,N,0.385554216
Taeniatherum caput-medusae,79,N,0
Taeniatherum caput-medusae,80,N,0
Trifolium albopurpureum,2,S,1.333333333
Trifolium albopurpureum,3,S,1.414213562
Trifolium albopurpureum,5,S,3.16227766
Trifolium albopurpureum,6,S,1.054092553
Trifolium albopurpureum,7,S,3.16227766
Trifolium albopurpureum,9,S,3.16227766
Trifolium albopurpureum,10,S,1.610152972
Trifolium albopurpureum,11,S,0.736273857
Trifolium albopurpureum,12,S,3.16227766
Trifolium albopurpureum,13,S,0.451753951
Trifolium albopurpureum,14,S,2.415229458
Trifolium albopurpureum,16,S,2.108185107
Trifolium albopurpureum,17,N,1.610152972
Trifolium albopurpureum,18,S,0.657342198
Trifolium albopurpureum,19,S,0.652533485
Trifolium albopurpureum,20,S,1.56347192
Trifolium albopurpureum,21,S,0.78173596
Trifolium albopurpureum,22,S,1.054092553
Trifolium albopurpureum,23,S,1.748014747
Trifolium albopurpureum,24,S,3.16227766
Trifolium albopurpureum,26,S,0.654437446
Trifolium albopurpureum,27,S,0.467463766
Trifolium albopurpureum,28,S,0.544202416
Trifolium albopurpureum,29,S,3.16227766
Trifolium albopurpureum,30,S,0.67078617
Trifolium albopurpureum,32,S,2.108185107
Trifolium albopurpureum,33,S,0.368855557
Trifolium albopurpureum,36,N,3.16227766
Trifolium albopurpureum,39,N,2.108185107
Trifolium albopurpureum,41,N,3.16227766
Trifolium albopurpureum,45,S,2.108185107
Trifolium albopurpureum,46,S,0.942809042
Trifolium albopurpureum,48,S,2.108185107
Trifolium albopurpureum,50,N,2.108185107
Trifolium albopurpureum,51,N,2.108185107
Trifolium albopurpureum,52,N,3.16227766
Trifolium albopurpureum,55,S,0.570104286
Trifolium albopurpureum,57,N,0.499432785
Trifolium albopurpureum,58,N,1.748014747
Trifolium albopurpureum,59,N,1.414213562
Trifolium albopurpureum,60,N,1.414213562
Trifolium albopurpureum,61,N,3.16227766
Trifolium albopurpureum,63,N,3.16227766
Trifolium albopurpureum,73,N,2.108185107
Trifolium gracilentum,1,S,1.610152972
Trifolium gracilentum,3,S,2.108185107
Trifolium gracilentum,4,S,0.768252654
Trifolium gracilentum,5,S,0.729986177
Trifolium gracilentum,6,S,1.699673171
Trifolium gracilentum,7,S,0.921777198
Trifolium gracilentum,8,S,0.657342198
Trifolium gracilentum,10,S,3.16227766
Trifolium gracilentum,11,S,1.41911553
Trifolium gracilentum,14,S,0.707106781
Trifolium gracilentum,15,S,0.42613887
Trifolium gracilentum,16,S,0.816496581
Trifolium gracilentum,18,S,3.16227766
Trifolium gracilentum,20,S,1.414213562
Trifolium gracilentum,21,S,1.513357008
Trifolium gracilentum,22,S,0.490268102
Trifolium gracilentum,23,S,0.444444444
Trifolium gracilentum,24,S,0.790569415
Trifolium gracilentum,25,N,2.108185107
Trifolium gracilentum,30,S,3.16227766
Trifolium gracilentum,33,S,3.16227766
Trifolium gracilentum,36,N,3.16227766
Trifolium gracilentum,37,N,1.748014747
Trifolium gracilentum,38,N,3.16227766
Trifolium gracilentum,39,N,1.610152972
Trifolium gracilentum,40,N,1.844661968
Trifolium gracilentum,41,N,3.16227766
Trifolium gracilentum,42,N,1.024393829
Trifolium gracilentum,43,N,0.837950174
Trifolium gracilentum,44,S,1.075389504
Trifolium gracilentum,48,S,0.666666667
Trifolium gracilentum,50,N,0.860662966
Trifolium gracilentum,52,N,0.940965816
Trifolium gracilentum,56,N,3.16227766
Trifolium gracilentum,58,N,2.108185107
Trifolium gracilentum,59,N,1.610152972
Trifolium gracilentum,61,N,0.733617369
Trifolium gracilentum,62,N,3.16227766
Trifolium gracilentum,63,N,1.104921029
Trifolium gracilentum,67,N,1.007516334
Trifolium gracilentum,68,N,1.943650632
Trifolium gracilentum,70,N,3.16227766
Trifolium gracilentum,71,N,3.16227766
Trifolium gracilentum,72,N,1.610152972
Trifolium gracilentum,73,N,0.904026296
Trifolium gracilentum,74,N,2.108185107
Trifolium gracilentum,75,N,3.16227766
Trifolium gracilentum,76,N,3.16227766
Trifolium gracilentum,77,N,1.007516334
Trifolium gracilentum,78,N,1.054092553
Trifolium gracilentum,79,N,1.748014747
Trifolium gracilentum,80,N,2.629368792
Vulpia microstachys,1,S,0.854273397
Vulpia microstachys,2,S,0.558048999
Vulpia microstachys,3,S,0.268358829
Vulpia microstachys,4,S,0.542940679
Vulpia microstachys,5,S,0.795122709
Vulpia microstachys,6,S,0.537884551
Vulpia microstachys,7,S,0.254436134
Vulpia microstachys,8,S,1.610152972
Vulpia microstachys,9,S,0.23424279
Vulpia microstachys,10,S,0.143606076
Vulpia microstachys,11,S,0.351364184
Vulpia microstachys,12,S,0.368855557
Vulpia microstachys,13,S,0.59149424
Vulpia microstachys,14,S,0.40824829
Vulpia microstachys,15,S,2.108185107
Vulpia microstachys,16,S,0.24254364
Vulpia microstachys,18,S,0.102775722
Vulpia microstachys,19,S,0.268415838
Vulpia microstachys,20,S,3.16227766
Vulpia microstachys,21,S,0.245903705
Vulpia microstachys,22,S,0.467463766
Vulpia microstachys,23,S,0.423519253
Vulpia microstachys,24,S,0.35794461
Vulpia microstachys,25,N,0.322748612
Vulpia microstachys,26,S,0.188852575
Vulpia microstachys,27,S,0.210019953
Vulpia microstachys,28,S,0.27030772
Vulpia microstachys,29,S,0.311045002
Vulpia microstachys,30,S,0.188852575
Vulpia microstachys,31,S,0.087841046
Vulpia microstachys,32,S,0.353448213
Vulpia microstachys,33,S,0.131761569
Vulpia microstachys,38,N,3.16227766
Vulpia microstachys,40,N,2.108185107
Vulpia microstachys,41,N,3.16227766
Vulpia microstachys,42,N,3.16227766
Vulpia microstachys,44,S,0.064536279
Vulpia microstachys,45,S,0.256400891
Vulpia microstachys,46,S,0.102775722
Vulpia microstachys,47,S,0.183320444
Vulpia microstachys,48,S,0.33295519
Vulpia microstachys,49,S,0.087841046
Vulpia microstachys,51,N,0.527046277
Vulpia microstachys,52,N,3.16227766
Vulpia microstachys,54,N,0.860662966
Vulpia microstachys,55,S,0.064536279
Vulpia microstachys,56,N,1.656431155
Vulpia microstachys,57,N,0.986013297
Vulpia microstachys,61,N,3.16227766
Vulpia microstachys,63,N,0.736058049
Vulpia microstachys,68,N,2.415229458
Vulpia microstachys,71,N,0.690065559
Vulpia microstachys,73,N,0.633286617
Vulpia microstachys,75,N,1.748014747
Vulpia microstachys,78,N,3.16227766
Vulpia microstachys,79,N,2.249828526
Vulpia myuros,1,S,0.904378922
Vulpia myuros,2,S,3.16227766
Vulpia myuros,3,S,1.205400951
Vulpia myuros,4,S,1.610152972
Vulpia myuros,5,S,0.96258335
Vulpia myuros,6,S,1.104921029
Vulpia myuros,8,S,1.090874225
Vulpia myuros,11,S,3.16227766
Vulpia myuros,12,S,1.910705014
Vulpia myuros,15,S,2.249828526
Vulpia myuros,17,N,0.440958552
Vulpia myuros,19,S,2.108185107
Vulpia myuros,20,S,3.16227766
Vulpia myuros,22,S,1.3964646
Vulpia myuros,23,S,1.110918861
Vulpia myuros,24,S,1.699673171
Vulpia myuros,25,N,1.110242716
Vulpia myuros,33,S,2.108185107
Vulpia myuros,35,N,1.088380909
Vulpia myuros,36,N,1.12687234
Vulpia myuros,37,N,1.748014747
Vulpia myuros,38,N,0.819849764
Vulpia myuros,39,N,0.964212225
Vulpia myuros,40,N,0.986013297
Vulpia myuros,41,N,1.169712671
Vulpia myuros,42,N,0.860662966
Vulpia myuros,44,S,3.16227766
Vulpia myuros,50,N,0.955813919
Vulpia myuros,51,N,0.76011695
Vulpia myuros,52,N,1.333333333
Vulpia myuros,53,N,2.108185107
Vulpia myuros,54,N,1.41911553
Vulpia myuros,56,N,0.15058465
Vulpia myuros,57,N,0.444444444
Vulpia myuros,58,N,1.610152972
Vulpia myuros,59,N,1.748014747
Vulpia myuros,60,N,1.165343165
Vulpia myuros,61,N,0.881917104
Vulpia myuros,62,N,0.666666667
Vulpia myuros,63,N,1.355261854
Vulpia myuros,64,N,0.904026296
Vulpia myuros,65,N,1.000459031
Vulpia myuros,66,N,1.097134314
Vulpia myuros,68,N,1.097134314
Vulpia myuros,70,N,2.108185107
Vulpia myuros,71,N,1.290994449
Vulpia myuros,73,N,0.298761164
Vulpia myuros,74,N,3.16227766
Vulpia myuros,75,N,0.766612766
Vulpia myuros,76,N,0.577350269
Vulpia myuros,77,N,1.165343165
Vulpia myuros,78,N,1.610152972
Vulpia myuros,79,N,0.846197012
Vulpia myuros,80,N,0.94607702
