Site,quad,Species,2/12/2011,2/28/2011,3/14/2011,3/28/2011,4/12/2011,4/28/2011,5/18/2011,6/8/2011,7/1/2011,7/15/2011,7/31/2011,season,peak,m.peak
15,2,Achillea millefolium,0,0,0,0,0,1,0,0,0,0,0,1,4/28/2011,April
15,4,Achillea millefolium,0,0,0,0,0,2,0,0,0,0,0,1,4/28/2011,April
10,3,Aegilops triuncialis,0,0,0,0,0,0,80,210,0,0,0,2,6/8/2011,June
12,2,Aegilops triuncialis,0,0,0,0,0,0,0,6,0,0,0,1,6/8/2011,June
12,1,Aegilops triuncialis,0,0,0,0,0,0,0,3,0,0,0,1,6/8/2011,June
10,5,Aegilops triuncialis,0,0,0,0,0,0,5,28,0,0,0,2,6/8/2011,June
10,4,Aegilops triuncialis,0,0,0,0,0,0,37,102,0,0,0,2,6/8/2011,June
10,2,Aegilops triuncialis,0,0,0,0,0,0,50,133,0,0,0,2,6/8/2011,June
12,3,Aegilops triuncialis,0,0,0,0,0,0,0,2,0,0,0,1,6/8/2011,June
43,3,Agoseris Heterophylla,0,0,0,0,0,0,8,0,0,0,0,1,5/18/2011,May
16,4,Agoseris Heterophylla,0,0,0,0,0,1,0,0,0,0,0,1,4/28/2011,April
16,3,Agoseris Heterophylla,0,0,0,0,0,5,7,0,0,0,0,2,5/18/2011,May
10,4,Agoseris Heterophylla,0,0,0,0,0,1,0,0,0,0,0,1,4/28/2011,April
16,2,Agoseris Heterophylla,0,0,0,0,0,31,0,0,0,0,0,1,4/28/2011,April
43,2,Agoseris Heterophylla,0,0,0,0,0,16,0,0,0,0,0,1,4/28/2011,April
16,1,Agoseris Heterophylla,0,0,0,0,0,18,0,0,0,0,0,1,4/28/2011,April
16,5,Agoseris Heterophylla,0,0,0,0,0,3,0,0,0,0,0,1,4/28/2011,April
43,1,Agoseris Heterophylla,0,0,0,0,0,1,0,0,0,0,0,1,4/28/2011,April
13,5,Ancistrocarphus filagineus,0,0,0,0,0,35,0,0,0,0,0,1,4/28/2011,April
13,4,Ancistrocarphus filagineus,0,0,0,0,0,35,0,0,0,0,0,1,4/28/2011,April
13,1,Ancistrocarphus filagineus,0,0,0,0,0,100,0,0,0,0,0,1,4/28/2011,April
16,5,Ancistrocarphus filagineus,0,0,0,0,0,3,0,0,0,0,0,1,4/28/2011,April
13,2,Ancistrocarphus filagineus,0,0,0,0,0,22,0,0,0,0,0,1,4/28/2011,April
12,1,Astragalus gambelianus,0,0,0,0,0,5,0,0,0,0,0,1,4/28/2011,April
12,1,Astragalus breweri,0,0,0,0,37,3,0,0,0,0,0,2,4/12/2011,April
12,2,Astragalus breweri,0,0,0,0,11,0,0,0,0,0,0,1,4/12/2011,April
11,1,Athysanus pusillus,0,0,0,0,1,0,0,0,0,0,0,1,4/12/2011,April
12,4,Avena barbata,0,0,0,0,0,100,0,4,0,0,0,2,4/28/2011,April
10,5,Avena barbata,0,0,0,0,0,30,0,0,0,0,0,1,4/28/2011,April
10,3,Avena barbata,0,0,0,0,0,32,0,0,0,0,0,1,4/28/2011,April
40,3,Avena barbata,0,0,0,0,0,0,0,20,0,0,0,1,6/8/2011,June
39,1,Avena barbata,0,0,0,0,0,0,0,140,0,0,0,1,6/8/2011,June
12,2,Avena barbata,0,0,0,0,0,2,0,0,0,0,0,1,4/28/2011,April
41,5,Avena barbata,0,0,0,0,0,0,0,250,0,0,0,1,6/8/2011,June
12,5,Avena barbata,0,0,0,0,0,1,0,0,0,0,0,1,4/28/2011,April
40,2,Avena barbata,0,0,0,0,0,0,0,22,0,0,0,1,6/8/2011,June
12,1,Avena barbata,0,0,0,0,0,0,0,2,0,0,0,1,6/8/2011,June
10,2,Avena barbata,0,0,0,0,0,15,0,0,0,0,0,1,4/28/2011,April
12,5,Avena fatua,0,0,0,0,0,0,3,0,0,0,0,1,5/18/2011,May
15,3,Avena fatua,0,0,0,0,0,0,180,12,0,0,0,2,5/18/2011,May
12,4,Avena fatua,0,0,0,0,0,0,55,0,0,0,0,1,5/18/2011,May
38,4,Avena fatua,0,0,0,0,0,100,10,0,0,0,0,2,4/28/2011,April
16,2,Avena fatua,0,0,0,0,0,0,10,22,0,0,0,2,6/8/2011,June
10,4,Avena fatua,0,0,0,0,0,0,210,0,0,0,0,1,5/18/2011,May
12,2,Avena fatua,0,0,0,0,0,0,6,0,0,0,0,1,5/18/2011,May
10,3,Avena fatua,0,0,0,0,0,0,840,0,0,0,0,1,5/18/2011,May
39,1,Avena fatua,0,0,0,0,0,0,160,0,0,0,0,1,5/18/2011,May
15,5,Avena fatua,0,0,0,0,0,0,480,250,0,0,0,2,5/18/2011,May
16,1,Avena fatua,0,0,0,0,0,5,900,55,0,0,0,3,5/18/2011,May
43,5,Avena fatua,0,0,0,0,0,0,2200,1100,0,0,0,2,5/18/2011,May
43,4,Avena fatua,0,0,0,0,0,0,560,800,0,0,0,2,6/8/2011,June
15,2,Avena fatua,0,0,0,0,0,1,780,350,0,0,0,3,5/18/2011,May
12,1,Avena fatua,0,0,0,0,0,0,26,0,0,0,0,1,5/18/2011,May
10,2,Avena fatua,0,0,0,0,0,0,140,0,0,0,0,1,5/18/2011,May
15,1,Avena fatua,0,0,0,0,0,1,0,0,0,0,0,1,4/28/2011,April
40,3,Avena fatua,0,0,0,0,0,3,15,0,0,0,0,2,5/18/2011,May
41,5,Avena fatua,0,0,0,0,0,0,240,0,0,0,0,1,5/18/2011,May
40,2,Avena fatua,0,0,0,0,0,0,6,0,0,0,0,1,5/18/2011,May
43,3,Avena fatua,0,0,0,0,0,0,28,3,0,0,0,2,5/18/2011,May
10,5,Avena fatua,0,0,0,0,0,0,780,0,0,0,0,1,5/18/2011,May
15,4,Avena fatua,0,0,0,0,0,0,120,200,0,0,0,2,6/8/2011,June
43,1,Avena fatua,0,0,0,0,0,0,6,7,0,0,0,2,6/8/2011,June
40,1,Briza minor,0,0,0,0,0,3,0,0,0,0,0,1,4/28/2011,April
40,3,Briza minor,0,0,0,0,0,7,0,0,0,0,0,1,4/28/2011,April
41,3,Bromus diandrus,0,0,0,0,0,5,60,10,0,0,0,3,5/18/2011,May
41,4,Bromus diandrus,0,0,0,0,0,100,2200,20,0,0,0,3,5/18/2011,May
41,5,Bromus diandrus,0,0,0,0,0,200,2600,160,0,0,0,3,5/18/2011,May
41,2,Bromus diandrus,0,0,0,0,0,5,65,0,0,0,0,2,5/18/2011,May
41,1,Bromus diandrus,0,0,0,0,0,0,8,0,0,0,0,1,5/18/2011,May
40,5,Bromus diandrus,0,0,0,0,0,1,3,0,0,0,0,2,5/18/2011,May
38,5,Bromus diandrus,0,0,0,0,0,0,0,180,0,0,0,1,6/8/2011,June
38,1,Bromus diandrus,0,0,0,0,0,0,35,24,0,0,0,2,5/18/2011,May
38,2,Bromus diandrus,0,0,0,0,0,0,3,0,0,0,0,1,5/18/2011,May
39,4,Bromus hordeaceus,0,0,0,0,0,320,350,0,0,0,0,2,5/18/2011,May
43,3,Bromus hordeaceus,0,0,0,0,0,8,36,20,0,0,0,3,5/18/2011,May
11,2,Bromus hordeaceus,0,0,0,0,0,1000,12,0,0,0,0,2,4/28/2011,April
10,1,Bromus hordeaceus,0,0,0,0,0,400,55,0,0,0,0,2,4/28/2011,April
38,1,Bromus hordeaceus,0,0,0,0,0,200,750,0,0,0,0,2,5/18/2011,May
11,1,Bromus hordeaceus,0,0,0,0,0,600,1200,0,0,0,0,2,5/18/2011,May
15,5,Bromus hordeaceus,0,0,0,0,0,50,0,0,0,0,0,1,4/28/2011,April
16,3,Bromus hordeaceus,0,0,0,0,0,2,42,0,0,0,0,2,5/18/2011,May
40,2,Bromus hordeaceus,0,0,0,0,0,100,600,0,0,0,0,2,5/18/2011,May
11,5,Bromus hordeaceus,0,0,0,0,0,700,960,0,0,0,0,2,5/18/2011,May
11,3,Bromus hordeaceus,0,0,0,0,0,800,350,0,0,0,0,2,4/28/2011,April
15,3,Bromus hordeaceus,0,0,0,0,0,0,17,0,0,0,0,1,5/18/2011,May
41,1,Bromus hordeaceus,0,0,0,0,0,1000,60,0,0,0,0,2,4/28/2011,April
39,1,Bromus hordeaceus,0,0,0,0,0,0,50,0,0,0,0,1,5/18/2011,May
12,5,Bromus hordeaceus,0,0,0,0,0,30,5,1,0,0,0,3,4/28/2011,April
12,3,Bromus hordeaceus,0,0,0,0,0,5,0,0,0,0,0,1,4/28/2011,April
38,3,Bromus hordeaceus,0,0,0,0,0,200,30,0,0,0,0,2,4/28/2011,April
39,2,Bromus hordeaceus,0,0,0,0,0,16,65,0,0,0,0,2,5/18/2011,May
41,3,Bromus hordeaceus,0,0,0,0,0,900,200,0,0,0,0,2,4/28/2011,April
12,4,Bromus hordeaceus,0,0,0,0,0,15,28,0,0,0,0,2,5/18/2011,May
39,5,Bromus hordeaceus,0,0,0,0,0,7,6,0,0,0,0,2,4/28/2011,April
16,4,Bromus hordeaceus,0,0,0,0,0,5,70,0,0,0,0,2,5/18/2011,May
43,5,Bromus hordeaceus,0,0,0,0,0,20,62,0,0,0,0,2,5/18/2011,May
43,4,Bromus hordeaceus,0,0,0,0,0,4,45,0,0,0,0,2,5/18/2011,May
10,4,Bromus hordeaceus,0,0,0,0,0,500,50,0,0,0,0,2,4/28/2011,April
40,1,Bromus hordeaceus,0,0,0,0,0,500,500,0,0,0,0,2,4/28/2011,April
41,4,Bromus hordeaceus,0,0,0,0,0,250,180,30,0,0,0,3,4/28/2011,April
38,4,Bromus hordeaceus,0,0,0,0,0,100,350,0,0,0,0,2,5/18/2011,May
40,3,Bromus hordeaceus,0,0,0,0,0,1,20,0,0,0,0,2,5/18/2011,May
16,1,Bromus hordeaceus,0,0,0,0,0,240,74,0,0,0,0,2,4/28/2011,April
16,5,Bromus hordeaceus,0,0,0,0,0,2,24,0,0,0,0,2,5/18/2011,May
10,3,Bromus hordeaceus,0,0,0,0,0,36,85,0,0,0,0,2,5/18/2011,May
10,5,Bromus hordeaceus,0,0,0,0,228,700,65,0,0,0,0,3,4/28/2011,April
15,2,Bromus hordeaceus,0,0,0,0,0,0,120,0,0,0,0,1,5/18/2011,May
39,3,Bromus hordeaceus,0,0,0,0,0,50,150,0,0,0,0,2,5/18/2011,May
43,2,Bromus hordeaceus,0,0,0,0,0,1,0,0,0,0,0,1,4/28/2011,April
16,2,Bromus hordeaceus,0,0,0,0,0,30,115,0,0,0,0,2,5/18/2011,May
43,1,Bromus hordeaceus,0,0,0,0,0,2,10,0,0,0,0,2,5/18/2011,May
10,2,Bromus hordeaceus,0,0,0,0,0,28,30,0,0,0,0,2,5/18/2011,May
41,2,Bromus hordeaceus,0,0,0,0,0,1000,30,0,0,0,0,2,4/28/2011,April
40,4,Bromus hordeaceus,0,0,0,0,0,12,110,0,0,0,0,2,5/18/2011,May
12,1,Bromus hordeaceus,0,0,0,0,0,0,10,0,0,0,0,1,5/18/2011,May
15,1,Bromus hordeaceus,0,0,0,0,0,0,50,0,0,0,0,1,5/18/2011,May
40,5,Bromus hordeaceus,0,0,0,0,0,50,35,0,0,0,0,2,4/28/2011,April
38,5,Bromus hordeaceus,0,0,0,0,0,8,600,60,0,0,0,3,5/18/2011,May
38,2,Bromus hordeaceus,0,0,0,0,0,175,550,0,0,0,0,2,5/18/2011,May
11,4,Bromus hordeaceus,0,0,0,0,0,50,540,12,0,0,0,3,5/18/2011,May
38,1,Bromus madritensis,0,0,0,0,0,0,7,0,0,0,0,1,5/18/2011,May
43,4,Bromus madritensis,0,0,0,0,0,0,0,6,0,0,0,1,6/8/2011,June
38,3,Bromus madritensis,0,0,0,0,0,0,2,0,0,0,0,1,5/18/2011,May
38,2,Bromus madritensis,0,0,0,0,0,0,2,0,0,0,0,1,5/18/2011,May
16,2,Bromus madritensis,0,0,0,0,0,1,2,0,0,0,0,2,5/18/2011,May
10,1,Calochortus luteus,0,0,0,0,0,0,0,1,0,0,0,1,6/8/2011,June
11,3,Calochortus luteus,0,0,0,0,0,0,0,1,0,0,0,1,6/8/2011,June
11,4,Calochortus luteus,0,0,0,0,0,0,0,3,0,0,0,1,6/8/2011,June
11,1,Calochortus luteus,0,0,0,0,0,0,0,1,0,0,0,1,6/8/2011,June
12,5,Calycadenia pauciflora,0,0,0,0,0,0,0,0,0,2,2,2,7/15/2011,July
11,2,Calycadenia pauciflora,0,0,0,0,0,0,0,0,0,0,2,1,7/31/2011,July
13,1,Calycadenia pauciflora,0,0,0,0,0,0,0,0,0,0,1,1,7/31/2011,July
12,2,Calycadenia pauciflora,0,0,0,0,0,0,0,0,1,1,9,3,7/31/2011,July
16,2,Castilleja attenuata,0,0,0,0,1,0,0,0,0,0,0,1,4/12/2011,April
12,2,Castilleja attenuata,0,0,0,0,3,7,0,0,0,0,0,2,4/28/2011,April
12,4,Castilleja attenuata,0,0,0,0,1,7,0,0,0,0,0,2,4/28/2011,April
12,3,Castilleja attenuata,0,0,0,0,0,2,0,0,0,0,0,1,4/28/2011,April
11,3,Castilleja attenuata,0,0,0,0,3,11,0,0,0,0,0,2,4/28/2011,April
12,5,Castilleja attenuata,0,0,0,0,1,6,0,0,0,0,0,2,4/28/2011,April
10,4,Castilleja attenuata,0,0,0,0,4,5,0,0,0,0,0,2,4/28/2011,April
10,2,Castilleja attenuata,0,0,0,0,0,1,0,0,0,0,0,1,4/28/2011,April
10,1,Castilleja attenuata,0,0,0,0,16,37,0,0,0,0,0,2,4/28/2011,April
38,3,Castilleja attenuata,0,0,0,0,7,24,0,0,0,0,0,2,4/28/2011,April
39,1,Centaurea melitensis,0,0,0,0,0,0,0,2,0,0,0,1,6/8/2011,June
39,1,Centaurea solstitialis,0,0,0,0,0,0,0,0,0,1,5,2,7/31/2011,July
13,5,Clarkia gracilis,0,0,0,0,0,0,0,0,76,0,0,1,7/1/2011,July
13,4,Clarkia gracilis,0,0,0,0,0,0,0,0,14,0,0,1,7/1/2011,July
13,2,Clarkia gracilis,0,0,0,0,0,0,0,0,3,0,0,1,7/1/2011,July
13,3,Clarkia gracilis,0,0,0,0,0,0,0,0,15,0,0,1,7/1/2011,July
39,4,Claytonia parviflora,0,0,0,0,0,0,0,0,8,0,0,1,7/1/2011,July
41,4,Claytonia parviflora,0,0,0,0,1,0,0,0,0,0,0,1,4/12/2011,April
11,2,Clarkia purpurea,0,0,0,0,0,0,1,0,0,0,0,1,5/18/2011,May
38,2,Clarkia purpurea,0,0,0,0,0,0,0,1,2,0,0,2,7/1/2011,July
11,1,Clarkia purpurea,0,0,0,0,0,0,0,26,0,0,0,1,6/8/2011,June
40,2,Clarkia purpurea,0,0,0,0,0,0,0,2,0,0,0,1,6/8/2011,June
39,3,Clarkia purpurea,0,0,0,0,0,0,0,6,0,0,0,1,6/8/2011,June
39,4,Clarkia purpurea,0,0,0,0,0,0,1,7,0,0,0,2,6/8/2011,June
41,4,Clarkia purpurea,0,0,0,3,0,0,0,0,0,0,0,1,3/28/2011,March
40,4,Clarkia purpurea,0,0,0,0,0,0,0,37,0,0,0,1,6/8/2011,June
39,2,Clarkia purpurea,0,0,0,0,0,0,0,3,3,0,0,2,6/8/2011,June
40,5,Clarkia purpurea,0,0,0,0,0,0,0,1,0,0,0,1,6/8/2011,June
11,3,Clarkia purpurea,0,0,0,0,0,0,1,2,0,0,0,2,6/8/2011,June
38,3,Clarkia purpurea,0,0,0,0,0,0,0,1,10,2,0,3,7/1/2011,July
40,3,Clarkia purpurea,0,0,0,0,0,0,0,4,0,0,0,1,6/8/2011,June
41,3,Clarkia purpurea,0,0,0,0,0,0,0,0,0,1,0,1,7/15/2011,July
10,1,Clarkia purpurea,0,0,0,0,0,0,1,2,0,0,0,2,6/8/2011,June
39,5,Clarkia purpurea,0,0,0,0,0,0,0,10,0,0,0,1,6/8/2011,June
38,1,Clarkia purpurea,0,0,0,0,0,0,0,0,10,6,0,2,7/1/2011,July
10,5,Clarkia purpurea,0,0,0,0,0,0,4,0,0,0,0,1,5/18/2011,May
13,5,Collinsia sparsiflora,0,0,0,0,32,16,0,0,0,0,0,2,4/12/2011,April
13,4,Collinsia sparsiflora,0,0,0,0,7,14,0,0,0,0,0,2,4/28/2011,April
13,3,Collinsia sparsiflora,0,0,0,0,9,0,0,0,0,0,0,1,4/12/2011,April
40,3,Dactylis glomerata,0,0,0,0,0,0,0,15,0,0,0,1,6/8/2011,June
38,5,Dactylis glomerata,0,0,0,0,0,0,0,8,6,0,0,2,6/8/2011,June
41,4,Dactylis glomerata,0,0,0,0,0,0,0,7,0,2,0,2,6/8/2011,June
40,2,Dactylis glomerata,0,0,0,0,0,0,0,6,0,0,0,1,6/8/2011,June
15,1,Dactylis glomerata,0,0,0,0,0,0,0,3,3,0,0,2,6/8/2011,June
41,4,Daucus pusillus,0,0,0,0,0,0,0,0,24,0,0,1,7/1/2011,July
10,5,Delphinium variegatum,0,0,0,0,0,2,0,0,0,0,0,1,4/28/2011,April
11,1,Delphinium variegatum,0,0,0,0,0,1,18,0,0,0,0,2,5/18/2011,May
11,3,Delphinium variegatum,0,0,0,0,0,3,0,0,0,0,0,1,4/28/2011,April
10,1,Delphinium variegatum,0,0,0,0,0,17,0,0,0,0,0,1,4/28/2011,April
10,2,Delphinium variegatum,0,0,0,0,1,3,0,0,0,0,0,2,4/28/2011,April
12,3,Dichelostemma capitatum,0,0,0,0,0,1,0,0,0,0,0,1,4/28/2011,April
16,2,Dichelostemma capitatum,0,0,0,0,1,4,0,0,0,0,0,2,4/28/2011,April
16,5,Dichelostemma capitatum,0,0,0,0,0,4,0,0,0,0,0,1,4/28/2011,April
10,2,Dichelostemma capitatum,0,0,0,0,4,2,0,0,0,0,0,2,4/12/2011,April
13,3,Dichelostemma capitatum,0,0,0,0,0,5,0,0,0,0,0,1,4/28/2011,April
11,3,Dichelostemma capitatum,0,0,0,0,0,3,0,0,0,0,0,1,4/28/2011,April
12,2,Dichelostemma capitatum,0,0,0,0,0,1,0,0,0,0,0,1,4/28/2011,April
13,2,Dichelostemma capitatum,0,0,0,0,0,11,0,0,0,0,0,1,4/28/2011,April
11,5,Dichelostemma capitatum,0,0,0,0,0,3,0,0,0,0,0,1,4/28/2011,April
11,4,Dichelostemma capitatum,0,0,0,0,3,28,0,0,0,0,0,2,4/28/2011,April
15,1,Dichelostemma capitatum,0,0,0,0,0,2,0,0,0,0,0,1,4/28/2011,April
16,3,Dichelostemma capitatum,0,0,0,0,6,4,0,0,0,0,0,2,4/12/2011,April
16,4,Dichelostemma capitatum,0,0,0,0,9,10,0,0,0,0,0,2,4/28/2011,April
10,4,Dichelostemma capitatum,0,0,0,0,6,14,0,0,0,0,0,2,4/28/2011,April
16,5,Eriophyllum lanatum,0,0,0,0,0,0,0,11,0,0,0,1,6/8/2011,June
16,2,Eriogonum vimineum,0,0,0,0,0,0,0,0,7,13,36,3,7/31/2011,July
16,5,Eriogonum vimineum,0,0,0,0,0,0,0,0,0,0,1,1,7/31/2011,July
38,3,Erodium botrys,0,0,0,2,0,0,0,0,0,0,0,1,3/28/2011,March
38,1,Erodium botrys,0,0,0,0,1,0,0,0,0,0,0,1,4/12/2011,April
39,1,Erodium botrys,0,0,0,0,0,1,3,0,0,0,0,2,5/18/2011,May
15,5,Erodium botrys,0,0,0,0,1,0,0,0,0,0,0,1,4/12/2011,April
41,1,Erodium brachycarpum,0,0,1,0,2,0,0,0,0,0,0,2,4/12/2011,April
41,2,Erodium brachycarpum,0,0,1,0,3,0,0,0,0,0,0,2,4/12/2011,April
38,2,Erodium brachycarpum,0,0,0,0,1,0,0,0,0,0,0,1,4/12/2011,April
41,3,Erodium brachycarpum,0,0,0,0,1,0,0,0,0,0,0,1,4/12/2011,April
40,5,Erodium cicutarium,0,0,0,1,0,0,0,0,0,0,0,1,3/28/2011,March
15,5,Erodium cicutarium,0,0,0,0,2,1,0,0,0,0,0,2,4/12/2011,April
39,3,Erodium cicutarium,0,0,0,0,1,0,0,0,0,0,0,1,4/12/2011,April
40,3,Erodium cicutarium,0,0,0,2,0,1,0,0,0,0,0,2,3/28/2011,March
41,2,Erodium cicutarium,0,0,0,2,2,2,0,0,0,0,0,3,3/28/2011,March
15,4,Erodium cicutarium,0,0,0,3,0,0,0,0,0,0,0,1,3/28/2011,March
41,1,Erodium cicutarium,0,0,0,0,1,1,0,0,0,0,0,2,4/12/2011,April
39,4,Erodium cicutarium,0,0,0,1,1,0,1,0,0,0,0,3,3/28/2011,March
41,3,Erodium cicutarium,0,0,0,0,3,0,0,0,0,0,0,1,4/12/2011,April
40,1,Erodium cicutarium,0,0,0,0,1,0,0,0,0,0,0,1,4/12/2011,April
16,5,Eriophyllum lanatum,0,0,0,0,0,0,5,0,0,0,0,1,5/18/2011,May
43,5,Euphorbia crenulata,0,0,0,0,0,1,0,0,0,0,0,1,4/28/2011,April
43,3,Euphorbia crenulata,0,0,0,0,0,1,0,0,0,0,0,1,4/28/2011,April
41,5,Galium aparine,0,0,0,0,1,3,0,0,0,0,0,2,4/28/2011,April
41,3,Galium murale,0,0,0,0,3,0,0,0,0,0,0,1,4/12/2011,April
38,2,Galium murale,0,0,0,0,1,0,0,0,0,0,0,1,4/12/2011,April
10,1,Gastridium ventricosum,0,0,0,0,0,0,0,4,0,0,0,1,6/8/2011,June
41,4,Geranium dissectum,0,0,0,0,3,3,0,0,0,0,0,2,4/12/2011,April
40,1,Geranium dissectum,0,0,0,0,0,3,0,0,0,0,0,1,4/28/2011,April
16,2,Gilia tricolor,0,0,0,0,0,3,0,0,0,0,0,1,4/28/2011,April
10,1,Gilia tricolor,0,0,0,0,3,2,0,0,0,0,0,2,4/12/2011,April
10,4,Gilia tricolor,0,0,0,0,7,3,0,0,0,0,0,2,4/12/2011,April
38,3,Gilia tricolor,0,0,0,0,0,5,0,0,0,0,0,1,4/28/2011,April
11,3,Grindelia camporum,0,0,0,0,0,0,0,0,0,0,3,1,7/31/2011,July
10,1,Grindelia camporum,0,0,0,0,0,0,0,0,0,0,1,1,7/31/2011,July
11,2,Grindelia camporum,0,0,0,0,0,0,0,0,0,5,0,1,7/15/2011,July
11,1,Grindelia camporum,0,0,0,0,0,0,0,0,1,3,11,3,7/31/2011,July
43,3,Hemizonia congesta,0,0,0,0,0,0,0,0,0,3,19,2,7/31/2011,July
13,1,Hemizonia congesta,0,0,0,0,0,0,0,0,0,0,1,1,7/31/2011,July
43,2,Hemizonia congesta,0,0,0,0,0,0,0,0,0,0,3,1,7/31/2011,July
43,1,Hemizonia congesta,0,0,0,0,0,0,0,0,0,0,3,1,7/31/2011,July
15,2,Hemizonia congesta,0,0,0,0,0,0,0,0,0,1,4,2,7/31/2011,July
43,4,Hemizonia congesta,0,0,0,0,0,0,0,0,0,25,32,2,7/31/2011,July
15,4,Hemizonia congesta,0,0,0,0,0,0,0,0,0,6,6,2,7/15/2011,July
15,3,Hemizonia congesta,0,0,0,0,0,0,0,0,0,4,6,2,7/31/2011,July
43,5,Hemizonia congesta,0,0,0,0,0,0,0,0,0,2,1,2,7/15/2011,July
15,5,Hemizonia congesta,0,0,0,0,0,0,0,0,0,2,7,2,7/31/2011,July
13,2,Hesperolinon micranthum,0,0,0,0,0,0,0,0,29,0,0,1,7/1/2011,July
12,3,Holocarpha virgata,0,0,0,0,0,0,0,0,0,0,3,1,7/31/2011,July
15,4,Holocarpha virgata,0,0,0,0,0,3,0,0,0,0,0,1,4/28/2011,April
12,5,Holocarpha virgata,0,0,0,0,0,0,0,0,0,0,1,1,7/31/2011,July
12,1,Holocarpha virgata,0,0,0,0,0,0,0,0,0,0,1,1,7/31/2011,July
15,5,Holocarpha virgata,0,0,0,0,0,4,0,0,0,0,0,1,4/28/2011,April
40,1,Hypochaeris glabra,0,0,0,0,0,7,0,0,0,0,0,1,4/28/2011,April
40,4,Hypochaeris glabra,0,0,0,0,0,3,0,3,0,0,0,2,4/28/2011,April
41,2,Hypochaeris glabra,0,0,0,0,0,7,0,0,0,0,0,1,4/28/2011,April
43,5,Hypochaeris glabra,0,0,0,0,0,0,3,0,0,0,0,1,5/18/2011,May
40,2,Hypochaeris glabra,0,0,0,0,0,6,0,0,0,0,0,1,4/28/2011,April
40,5,Hypochaeris glabra,0,0,0,0,0,2,0,0,0,0,0,1,4/28/2011,April
15,2,Hypochaeris glabra,0,0,0,0,0,0,0,3,0,0,0,1,6/8/2011,June
39,5,Hypochaeris glabra,0,0,0,0,0,1,0,0,0,0,0,1,4/28/2011,April
40,3,Hypochaeris glabra,0,0,0,0,0,140,0,0,0,0,0,1,4/28/2011,April
38,3,Hypochaeris glabra,0,0,0,0,0,1,0,0,0,0,0,1,4/28/2011,April
43,4,Hypochaeris glabra,0,0,0,0,0,0,9,0,0,0,0,1,5/18/2011,May
13,3,Lagophylla minor,0,0,0,0,0,2,30,2,6,0,0,4,5/18/2011,May
13,1,Lagophylla minor,0,0,0,0,0,10,71,7,1,0,0,4,5/18/2011,May
13,4,Lagophylla minor,0,0,0,0,0,0,6,2,0,0,0,2,5/18/2011,May
13,5,Lagophylla minor,0,0,0,0,0,0,7,0,0,0,0,1,5/18/2011,May
13,2,Lagophylla minor,0,0,0,0,0,0,5,1,0,0,0,2,5/18/2011,May
12,2,Lasthenia californica,0,0,0,5,470,300,0,0,0,0,0,3,4/12/2011,April
10,2,Lasthenia californica,0,0,0,0,41,50,0,0,0,0,0,2,4/28/2011,April
13,5,Lasthenia californica,0,0,0,0,0,130,0,0,0,0,0,1,4/28/2011,April
13,4,Lasthenia californica,0,0,0,0,0,48,0,4,0,0,0,2,4/28/2011,April
13,1,Lasthenia californica,0,0,0,0,0,6,0,0,0,0,0,1,4/28/2011,April
10,1,Lasthenia californica,0,0,0,1,27,19,0,0,0,0,0,3,4/12/2011,April
16,2,Lasthenia californica,0,0,0,0,6,19,0,0,0,0,0,2,4/28/2011,April
12,3,Lasthenia californica,0,0,2,10,800,250,0,0,0,0,0,4,4/12/2011,April
13,2,Lasthenia californica,0,0,0,0,0,43,0,0,0,0,0,1,4/28/2011,April
11,5,Lasthenia californica,0,0,0,0,0,2,0,0,0,0,0,1,4/28/2011,April
13,3,Lasthenia californica,0,0,0,0,0,2,0,0,0,0,0,1,4/28/2011,April
12,1,Lasthenia californica,0,0,0,0,120,200,0,0,0,0,0,2,4/28/2011,April
16,5,Lasthenia californica,0,0,0,0,41,120,0,0,0,0,0,2,4/28/2011,April
16,4,Lasthenia californica,0,0,0,0,10,24,0,0,0,0,0,2,4/28/2011,April
11,3,Lasthenia californica,0,0,0,0,38,80,0,0,0,0,0,2,4/28/2011,April
10,4,Lasthenia californica,0,0,0,0,65,90,0,0,0,0,0,2,4/28/2011,April
10,5,Lasthenia californica,0,0,0,0,1,2,0,0,0,0,0,2,4/28/2011,April
10,3,Lasthenia californica,0,0,0,0,22,16,0,0,0,0,0,2,4/12/2011,April
16,1,Lasthenia californica,0,0,1,0,39,16,0,0,0,0,0,3,4/12/2011,April
16,3,Lasthenia californica,0,0,0,0,0,3,0,0,0,0,0,1,4/28/2011,April
12,5,Lasthenia californica,0,0,0,0,52,50,0,0,0,0,0,2,4/12/2011,April
11,4,Lasthenia californica,0,0,0,0,0,1,0,0,0,0,0,1,4/28/2011,April
11,1,Lasthenia californica,0,0,0,0,0,45,0,0,0,0,0,1,4/28/2011,April
15,5,Lasthenia californica,0,0,0,0,1,29,0,0,0,0,0,2,4/28/2011,April
11,2,Lasthenia californica,0,0,0,0,10,90,0,0,0,0,0,2,4/28/2011,April
12,4,Lasthenia californica,0,0,0,1,72,35,0,0,0,0,0,3,4/12/2011,April
38,2,Lepidium nitidum,1,0,0,0,0,0,0,0,0,0,0,1,2/12/2011,February
11,3,Lepidium nitidum,0,0,0,1,0,0,0,0,0,0,0,1,3/28/2011,March
16,4,Lepidium nitidum,0,0,1,1,0,0,0,0,0,0,0,2,3/14/2011,March
11,1,Lepidium nitidum,0,0,18,8,0,0,0,0,0,0,0,2,3/14/2011,March
15,1,Lessingia ramulosa,0,0,0,0,0,0,0,0,0,0,5,1,7/31/2011,July
10,3,Linanthus bicolor,0,0,0,0,8,0,0,0,0,0,0,1,4/12/2011,April
10,5,Linanthus bicolor,0,0,0,0,15,0,0,0,0,0,0,1,4/12/2011,April
11,5,Linanthus bicolor,0,0,0,0,1,0,0,0,0,0,0,1,4/12/2011,April
12,1,Linanthus bicolor,0,0,0,0,2,0,0,0,0,0,0,1,4/12/2011,April
11,1,Linanthus bicolor,0,0,0,0,16,15,0,0,0,0,0,2,4/12/2011,April
10,4,Linanthus bicolor,0,0,16,17,52,1,0,0,0,0,0,4,4/12/2011,April
10,1,Linanthus bicolor,0,0,0,0,7,0,0,0,0,0,0,1,4/12/2011,April
11,3,Linanthus bicolor,0,0,0,0,3,0,0,0,0,0,0,1,4/12/2011,April
10,2,Linanthus bicolor,0,0,0,0,5,0,0,0,0,0,0,1,4/12/2011,April
41,3,Linanthus ciliatus,0,0,0,0,0,0,3,137,20,19,1,5,6/8/2011,June
41,2,Linanthus ciliatus,0,0,0,0,0,0,4,59,13,7,0,4,6/8/2011,June
40,5,Linanthus ciliatus,0,0,0,0,0,0,0,2,0,0,0,1,6/8/2011,June
41,1,Linanthus ciliatus,0,0,0,0,0,0,3,28,11,0,0,3,6/8/2011,June
13,3,Linanthus jepsonii,0,0,0,0,1,6,0,0,0,0,0,2,4/28/2011,April
13,5,Linanthus jepsonii,0,0,0,0,1,2,3,0,0,0,0,3,5/18/2011,May
13,4,Linanthus jepsonii,0,0,0,0,2,4,2,0,0,0,0,3,4/28/2011,April
15,3,Lolium multiflorum,0,0,0,0,0,0,74,130,0,0,0,2,6/8/2011,June
43,4,Lolium multiflorum,0,0,0,0,0,0,1,2,0,0,0,2,6/8/2011,June
40,4,Lolium multiflorum,0,0,0,0,0,0,4,0,0,0,0,1,5/18/2011,May
43,2,Lolium multiflorum,0,0,0,0,0,0,9,6,0,0,0,2,5/18/2011,May
11,5,Lolium multiflorum,0,0,0,0,0,0,13,16,0,0,0,2,6/8/2011,June
15,5,Lolium multiflorum,0,0,0,0,0,0,65,70,0,0,0,2,6/8/2011,June
40,3,Lolium multiflorum,0,0,0,0,0,0,1,1,0,0,0,2,5/18/2011,May
40,2,Lolium multiflorum,0,0,0,0,0,0,12,29,0,0,0,2,6/8/2011,June
15,4,Lolium multiflorum,0,0,0,0,0,0,60,110,0,0,0,2,6/8/2011,June
43,3,Lolium multiflorum,0,0,0,0,0,0,26,48,0,0,0,2,6/8/2011,June
43,5,Lolium multiflorum,0,0,0,0,0,0,0,2,0,0,0,1,6/8/2011,June
16,1,Lolium multiflorum,0,0,0,0,0,0,46,41,0,0,0,2,5/18/2011,May
16,3,Lolium multiflorum,0,0,0,0,0,0,75,140,0,0,0,2,6/8/2011,June
40,1,Lolium multiflorum,0,0,0,0,0,0,0,13,0,0,0,1,6/8/2011,June
43,1,Lolium multiflorum,0,0,0,0,0,0,45,18,0,0,0,2,5/18/2011,May
15,2,Lolium multiflorum,0,0,0,0,0,0,27,31,0,0,0,2,6/8/2011,June
16,2,Lolium multiflorum,0,0,0,0,0,0,37,69,0,0,0,2,6/8/2011,June
12,5,Lomatium marginatum,0,0,0,0,1,0,0,0,0,0,0,1,4/12/2011,April
12,2,Lomatium marginatum,0,0,1,2,0,0,0,0,0,0,0,2,3/28/2011,March
13,4,Lotus humistratus,0,0,0,0,0,0,12,9,0,0,0,2,5/18/2011,May
13,1,Lotus humistratus,0,0,0,0,0,0,7,0,0,0,0,1,5/18/2011,May
13,5,Lotus humistratus,0,0,0,0,0,0,10,21,0,0,0,2,6/8/2011,June
13,2,Lotus humistratus,0,0,0,0,0,0,7,0,0,0,0,1,5/18/2011,May
13,3,Lotus humistratus,0,0,0,0,0,0,35,12,0,0,0,2,5/18/2011,May
43,4,Lotus wrangelianus,0,0,0,0,0,1,0,0,0,0,0,1,4/28/2011,April
10,5,Lotus wrangelianus,0,0,0,0,1,2,0,0,0,0,0,2,4/28/2011,April
39,3,Lotus wrangelianus,0,0,0,0,0,1,0,0,0,0,0,1,4/28/2011,April
41,3,Lotus wrangelianus,0,0,0,0,0,1,0,0,0,0,0,1,4/28/2011,April
39,4,Lotus wrangelianus,0,0,0,0,0,2,0,0,0,0,0,1,4/28/2011,April
40,4,Lotus wrangelianus,0,0,0,0,0,1,0,0,0,0,0,1,4/28/2011,April
11,3,Lotus wrangelianus,0,0,0,0,0,10,0,0,0,0,0,1,4/28/2011,April
16,4,Lotus wrangelianus,0,0,0,0,2,0,0,0,0,0,0,1,4/12/2011,April
11,4,Lotus wrangelianus,0,0,0,0,0,1,0,0,0,0,0,1,4/28/2011,April
39,5,Lupinus bicolor,0,0,0,0,1,0,0,0,0,0,0,1,4/12/2011,April
38,2,Lupinus bicolor,0,0,0,0,5,30,7,2,0,0,0,4,4/28/2011,April
11,1,Lupinus bicolor,0,0,0,0,0,3,0,0,0,0,0,1,4/28/2011,April
40,2,Lupinus bicolor,0,0,0,0,0,1,0,0,0,0,0,1,4/28/2011,April
40,5,Lupinus bicolor,0,0,0,0,1,1,0,0,0,0,0,2,4/12/2011,April
38,4,Lupinus bicolor,0,0,0,0,1,3,2,0,0,0,0,3,4/28/2011,April
11,4,Lupinus bicolor,0,0,0,0,0,1,0,0,0,0,0,1,4/28/2011,April
15,2,Lupinus bicolor,0,0,0,0,0,1,0,0,0,0,0,1,4/28/2011,April
40,1,Lupinus bicolor,0,0,0,0,0,2,0,0,0,0,0,1,4/28/2011,April
40,3,Lupinus bicolor,0,0,0,0,0,1,0,1,0,0,0,2,4/28/2011,April
38,3,Lupinus bicolor,0,0,0,0,1,3,0,0,0,0,0,2,4/28/2011,April
11,3,Lupinus bicolor,0,0,0,0,1,0,0,0,0,0,0,1,4/12/2011,April
39,2,Lupinus bicolor,0,0,0,0,1,0,0,0,0,0,0,1,4/12/2011,April
41,3,Lupinus bicolor,0,0,0,0,0,3,2,0,0,0,0,2,4/28/2011,April
41,2,Lupinus bicolor,0,0,0,0,0,5,0,0,0,0,0,1,4/28/2011,April
43,3,Medicago polymorpha,0,0,0,0,0,1,0,0,0,0,0,1,4/28/2011,April
43,4,Medicago polymorpha,0,0,0,0,0,2,0,0,0,0,0,1,4/28/2011,April
43,5,Medicago polymorpha,0,0,0,0,0,16,0,0,0,0,0,1,4/28/2011,April
43,4,Melilotus indica,0,0,0,0,0,0,0,5,0,0,0,1,6/8/2011,June
39,2,Micropus californicus,0,0,0,0,0,0,14,0,0,0,0,1,5/18/2011,May
40,3,Micropus californicus,0,0,0,0,0,40,45,0,0,0,0,2,5/18/2011,May
15,5,Micropus californicus,0,0,0,0,0,1200,0,0,0,0,0,1,4/28/2011,April
12,5,Micropus californicus,0,0,0,0,0,720,0,0,0,0,0,1,4/28/2011,April
38,4,Micropus californicus,0,0,0,0,0,0,12,0,0,0,0,1,5/18/2011,May
40,5,Micropus californicus,0,0,0,0,0,240,190,0,0,0,0,2,4/28/2011,April
12,2,Micropus californicus,0,0,0,0,0,1200,0,0,0,0,0,1,4/28/2011,April
10,1,Micropus californicus,0,0,0,0,0,50,10,0,0,0,0,2,4/28/2011,April
10,4,Micropus californicus,0,0,0,0,0,10,6,0,0,0,0,2,4/28/2011,April
12,4,Micropus californicus,0,0,0,0,0,150,11,0,0,0,0,2,4/28/2011,April
11,1,Micropus californicus,0,0,0,0,0,120,135,0,0,0,0,2,5/18/2011,May
12,3,Micropus californicus,0,0,0,0,0,700,0,0,0,0,0,1,4/28/2011,April
40,4,Micropus californicus,0,0,0,0,0,50,230,0,0,0,0,2,5/18/2011,May
11,2,Micropus californicus,0,0,0,0,0,50,5,0,0,0,0,2,4/28/2011,April
40,2,Micropus californicus,0,0,0,0,0,15,57,0,0,0,0,2,5/18/2011,May
38,2,Micropus californicus,0,0,0,0,0,0,7,0,0,0,0,1,5/18/2011,May
15,1,Micropus californicus,0,0,0,0,0,0,160,0,0,0,0,1,5/18/2011,May
11,3,Micropus californicus,0,0,0,0,0,40,15,0,0,0,0,2,4/28/2011,April
12,1,Micropus californicus,0,0,0,0,0,420,10,0,0,0,0,2,4/28/2011,April
15,2,Microseris douglasii,0,0,0,0,0,10,0,0,0,0,0,1,4/28/2011,April
12,3,Microseris douglasii,2,0,0,0,0,0,0,0,0,0,0,1,2/12/2011,February
43,1,Microseris douglasii,0,0,0,0,0,53,0,0,0,0,0,1,4/28/2011,April
43,2,Microseris douglasii,0,0,0,0,0,10,3,0,0,0,0,2,4/28/2011,April
15,3,Microseris douglasii,0,0,0,0,0,9,0,0,0,0,0,1,4/28/2011,April
43,3,Microseris douglasii,0,0,0,0,0,6,1,0,0,0,0,2,4/28/2011,April
38,3,Microseris douglasii,0,0,0,0,0,2,0,0,0,0,0,1,4/28/2011,April
12,3,Minuartia californica,0,0,0,0,0,10,0,0,0,0,0,1,4/28/2011,April
12,3,Minuartia douglasii,0,15,23,31,180,0,0,0,0,0,0,4,4/12/2011,April
13,2,Minuartia douglasii,0,0,0,0,9,0,0,0,0,0,0,1,4/12/2011,April
13,5,Minuartia douglasii,0,0,0,0,0,0,1,0,0,0,0,1,5/18/2011,May
13,4,Minuartia douglasii,0,0,0,0,83,150,0,0,0,0,0,2,4/28/2011,April
16,5,Nassella pulchra,0,0,0,0,0,1,45,0,0,0,0,2,5/18/2011,May
16,4,Nassella pulchra,0,0,0,0,0,0,20,0,0,0,0,1,5/18/2011,May
11,4,Nassella pulchra,0,0,0,0,0,1,20,0,0,0,0,2,5/18/2011,May
11,3,Nassella pulchra,0,0,0,0,0,0,12,0,0,0,0,1,5/18/2011,May
11,5,Nassella pulchra,0,0,0,0,0,0,5,0,0,0,0,1,5/18/2011,May
16,3,Nassella pulchra,0,0,0,0,0,0,60,0,0,0,0,1,5/18/2011,May
16,2,Nassella pulchra,0,0,0,0,0,1,0,0,0,0,0,1,4/28/2011,April
12,4,Navarretia jepsonii,0,0,0,0,0,0,0,0,20,1,0,2,7/1/2011,July
11,2,Navarretia jepsonii,0,0,0,0,0,0,0,0,22,1,0,2,7/1/2011,July
12,1,Navarretia jepsonii,0,0,0,0,0,0,0,3,190,86,0,3,7/1/2011,July
10,1,Navarretia jepsonii,0,0,0,0,0,0,0,0,14,3,0,2,7/1/2011,July
11,4,Navarretia jepsonii,0,0,0,0,0,0,0,0,6,44,0,2,7/15/2011,July
16,5,Navarretia jepsonii,0,0,0,0,0,0,0,0,3,0,0,1,7/1/2011,July
10,2,Navarretia jepsonii,0,0,0,0,0,0,0,0,1,0,0,1,7/1/2011,July
12,2,Navarretia jepsonii,0,0,0,0,0,0,0,0,130,6,0,2,7/1/2011,July
12,3,Navarretia jepsonii,0,0,0,0,0,0,0,6,340,82,2,4,7/1/2011,July
12,5,Navarretia jepsonii,0,0,0,0,0,0,0,0,1,0,0,1,7/1/2011,July
11,1,Navarretia jepsonii,0,0,0,0,0,0,0,0,7,2,0,2,7/1/2011,July
11,3,Navarretia jepsonii,0,0,0,0,0,0,0,0,0,0,25,1,7/31/2011,July
10,1,Navarretia pubescens,0,0,0,0,0,0,0,2,0,0,0,1,6/8/2011,June
39,2,Navarretia pubescens,0,0,0,0,0,0,0,5,0,0,0,1,6/8/2011,June
11,2,Navarretia pubescens,0,0,0,0,0,0,0,3,0,0,0,1,6/8/2011,June
12,4,Navarretia pubescens,0,0,0,0,0,0,0,8,0,0,0,1,6/8/2011,June
10,2,Navarretia pubescens,0,0,0,0,0,0,0,1,0,0,0,1,6/8/2011,June
11,4,Plantago erecta,0,0,0,0,0,0,2,0,0,0,0,1,5/18/2011,May
10,1,Plantago erecta,0,0,2,55,170,240,0,0,0,0,0,4,4/28/2011,April
13,2,Plantago erecta,0,0,0,0,0,5,120,0,0,0,0,2,5/18/2011,May
13,4,Plantago erecta,0,0,0,0,0,0,8,0,0,0,0,1,5/18/2011,May
38,4,Plantago erecta,0,0,0,0,41,20,0,0,0,0,0,2,4/12/2011,April
16,5,Plantago erecta,0,0,0,0,104,30,0,0,0,0,0,2,4/12/2011,April
41,2,Plantago erecta,0,0,0,0,110,25,0,0,0,0,0,2,4/12/2011,April
39,4,Plantago erecta,0,0,0,0,155,500,7,0,0,0,0,3,4/28/2011,April
16,2,Plantago erecta,0,0,0,0,55,70,0,0,0,0,0,2,4/28/2011,April
10,5,Plantago erecta,0,0,0,0,0,4,0,0,0,0,0,1,4/28/2011,April
16,4,Plantago erecta,0,0,0,0,131,270,0,0,0,0,0,2,4/28/2011,April
11,2,Plantago erecta,0,0,0,0,39,0,0,0,0,0,0,1,4/12/2011,April
38,3,Plantago erecta,0,0,0,0,824,2000,0,0,0,0,0,2,4/28/2011,April
12,4,Plantago erecta,0,0,0,9,35,12,0,0,0,0,0,3,4/12/2011,April
16,1,Plantago erecta,0,0,0,0,11,5,0,0,0,0,0,2,4/12/2011,April
12,5,Plantago erecta,0,0,0,0,57,12,0,0,0,0,0,2,4/12/2011,April
16,3,Plantago erecta,0,0,0,0,1,0,0,0,0,0,0,1,4/12/2011,April
41,3,Plantago erecta,0,0,0,0,28,0,0,0,0,0,0,1,4/12/2011,April
12,1,Plantago erecta,0,0,0,0,13,4,0,0,0,0,0,2,4/12/2011,April
13,5,Plantago erecta,0,0,0,0,0,50,40,0,0,0,0,2,4/28/2011,April
11,3,Plantago erecta,0,0,0,0,57,2,0,0,0,0,0,2,4/12/2011,April
10,2,Plantago erecta,0,0,0,0,57,0,0,0,0,0,0,1,4/12/2011,April
13,1,Plantago erecta,0,0,0,0,0,25,115,0,0,0,0,2,5/18/2011,May
10,4,Plantago erecta,0,0,0,0,110,100,0,0,0,0,0,2,4/12/2011,April
40,3,Plantago erecta,0,0,0,0,0,10,0,0,0,0,0,1,4/28/2011,April
39,5,Plantago erecta,0,0,0,0,1,0,0,0,0,0,0,1,4/12/2011,April
15,5,Plantago erecta,0,0,0,0,0,5,0,0,0,0,0,1,4/28/2011,April
12,3,Plantago erecta,0,0,0,0,32,5,0,0,0,0,0,2,4/12/2011,April
38,2,Plantago erecta,0,0,0,0,19,3,0,0,0,0,0,2,4/12/2011,April
41,3,Plagiobothrys nothofulvus,0,0,0,0,1,0,0,0,0,0,0,1,4/12/2011,April
10,3,Plectritis ciliosa,0,0,0,0,6,0,0,0,0,0,0,1,4/12/2011,April
11,3,Plectritis ciliosa,0,0,0,0,18,0,0,0,0,0,0,1,4/12/2011,April
12,1,Plectritis ciliosa,0,0,0,0,1,0,0,0,0,0,0,1,4/12/2011,April
12,2,Plectritis ciliosa,0,0,0,0,1,0,0,0,0,0,0,1,4/12/2011,April
11,1,Plectritis ciliosa,0,0,0,0,6,0,0,0,0,0,0,1,4/12/2011,April
11,4,Poa secunda,0,0,0,0,6,0,13,0,0,0,0,2,5/18/2011,May
10,3,Poa secunda,0,0,0,0,2,0,0,0,0,0,0,1,4/12/2011,April
10,1,Poa secunda,0,0,0,0,1,0,0,0,0,0,0,1,4/12/2011,April
11,2,Sanicula bipinnatifida,0,0,0,0,2,0,0,0,0,0,0,1,4/12/2011,April
11,1,Sanicula bipinnatifida,0,0,0,0,0,1,0,0,0,0,0,1,4/28/2011,April
16,3,Sidalcea diploscypha,0,0,0,0,0,0,0,5,1,0,0,2,6/8/2011,June
11,4,Sidalcea diploscypha,0,0,0,0,0,0,1,3,2,0,0,3,6/8/2011,June
13,2,Sidalcea diploscypha,0,0,0,0,0,0,0,2,5,0,0,2,7/1/2011,July
16,4,Sidalcea diploscypha,0,0,0,0,0,0,2,0,0,0,0,1,5/18/2011,May
13,1,Sidalcea diploscypha,0,0,0,0,0,0,0,1,0,0,0,1,6/8/2011,June
11,3,Sidalcea diploscypha,0,0,0,0,0,0,1,0,0,0,1,2,5/18/2011,May
13,5,Sidalcea diploscypha,0,0,0,0,0,0,1,0,0,0,0,1,5/18/2011,May
13,3,Sidalcea diploscypha,0,0,0,0,0,0,2,6,0,0,0,2,6/8/2011,June
15,1,Sisyrinchium bellum,0,0,0,0,0,2,0,0,0,0,0,1,4/28/2011,April
15,3,Sisyrinchium bellum,0,0,0,0,0,1,0,0,0,0,0,1,4/28/2011,April
39,3,Taeniatherum caput-medusae,0,0,0,0,0,0,0,1200,0,0,0,1,6/8/2011,June
16,1,Taeniatherum caput-medusae,0,0,0,0,0,0,0,28,0,0,0,1,6/8/2011,June
40,2,Taeniatherum caput-medusae,0,0,0,0,0,0,0,400,1,0,0,2,6/8/2011,June
38,1,Taeniatherum caput-medusae,0,0,0,0,0,0,45,210,39,2,0,4,6/8/2011,June
39,2,Taeniatherum caput-medusae,0,0,0,0,0,0,0,850,0,0,0,1,6/8/2011,June
12,5,Taeniatherum caput-medusae,0,0,0,0,0,0,0,18,0,0,0,1,6/8/2011,June
11,5,Taeniatherum caput-medusae,0,0,0,0,0,0,0,185,17,0,0,2,6/8/2011,June
43,1,Taeniatherum caput-medusae,0,0,0,0,0,0,0,160,0,0,0,1,6/8/2011,June
38,3,Taeniatherum caput-medusae,0,0,0,0,0,0,0,3,0,0,0,1,6/8/2011,June
43,2,Taeniatherum caput-medusae,0,0,0,0,0,0,0,110,1,0,0,2,6/8/2011,June
15,5,Taeniatherum caput-medusae,0,0,0,0,0,0,0,80,0,0,0,1,6/8/2011,June
41,2,Taeniatherum caput-medusae,0,0,0,0,0,0,0,1,0,1,0,2,6/8/2011,June
41,1,Taeniatherum caput-medusae,0,0,0,0,0,0,0,50,0,8,0,2,6/8/2011,June
11,1,Taeniatherum caput-medusae,0,0,0,0,0,0,0,21,0,0,0,1,6/8/2011,June
15,4,Taeniatherum caput-medusae,0,0,0,0,0,0,0,15,1,0,0,2,6/8/2011,June
38,5,Taeniatherum caput-medusae,0,0,0,0,0,0,0,26,2,0,0,2,6/8/2011,June
43,4,Taeniatherum caput-medusae,0,0,0,0,0,0,0,115,3,0,0,2,6/8/2011,June
39,5,Taeniatherum caput-medusae,0,0,0,0,0,0,0,900,1,0,0,2,6/8/2011,June
15,2,Taeniatherum caput-medusae,0,0,0,0,0,0,0,70,12,0,0,2,6/8/2011,June
40,1,Taeniatherum caput-medusae,0,0,0,0,0,0,0,550,1,0,0,2,6/8/2011,June
38,4,Taeniatherum caput-medusae,0,0,0,0,0,0,0,60,0,0,0,1,6/8/2011,June
11,2,Taeniatherum caput-medusae,0,0,0,0,0,0,0,87,0,0,0,1,6/8/2011,June
16,2,Taeniatherum caput-medusae,0,0,0,0,0,0,0,2,0,0,0,1,6/8/2011,June
39,1,Taeniatherum caput-medusae,0,0,0,0,0,0,0,1100,0,0,0,1,6/8/2011,June
43,3,Taeniatherum caput-medusae,0,0,0,0,0,0,0,75,0,0,0,1,6/8/2011,June
15,3,Taeniatherum caput-medusae,0,0,0,0,0,0,0,29,1,0,0,2,6/8/2011,June
12,4,Taeniatherum caput-medusae,0,0,0,0,0,0,46,75,0,0,0,2,6/8/2011,June
39,4,Taeniatherum caput-medusae,0,0,0,0,0,0,0,250,0,0,0,1,6/8/2011,June
43,5,Taeniatherum caput-medusae,0,0,0,0,0,0,0,65,0,0,0,1,6/8/2011,June
11,3,Taeniatherum caput-medusae,0,0,0,0,0,0,0,15,0,0,0,1,6/8/2011,June
38,2,Taeniatherum caput-medusae,0,0,0,0,0,0,0,90,0,0,0,1,6/8/2011,June
15,1,Taeniatherum caput-medusae,0,0,0,0,0,0,0,310,0,0,0,1,6/8/2011,June
40,3,Taeniatherum caput-medusae,0,0,0,0,0,0,0,9,0,0,0,1,6/8/2011,June
40,5,Taeniatherum caput-medusae,0,0,0,0,0,0,5,400,0,0,0,2,6/8/2011,June
10,5,Taeniatherum caput-medusae,0,0,0,0,0,0,6,13,0,0,0,2,6/8/2011,June
40,4,Taeniatherum caput-medusae,0,0,0,0,0,0,3,600,0,0,0,2,6/8/2011,June
39,2,Torilis arvensis,0,0,0,0,0,0,0,2,0,0,0,1,6/8/2011,June
41,5,Torilis arvensis,0,0,0,0,0,0,0,10,0,0,0,1,6/8/2011,June
38,1,Torilis arvensis,0,0,0,0,0,0,0,12,0,0,0,1,6/8/2011,June
41,4,Torilis arvensis,0,0,0,0,0,0,0,3,0,1,0,2,6/8/2011,June
11,2,Trifolium albopurpureum,0,0,0,0,0,17,0,0,0,0,0,1,4/28/2011,April
11,3,Trifolium albopurpureum,0,0,0,0,0,38,0,0,0,0,0,1,4/28/2011,April
13,1,Trifolium albopurpureum,0,0,0,0,0,1,0,0,0,0,0,1,4/28/2011,April
15,5,Trifolium depauperatum,0,0,0,0,0,2,0,0,0,0,0,1,4/28/2011,April
12,4,Triphysaria eriantha,0,0,0,3,76,20,0,0,0,0,0,3,4/12/2011,April
39,4,Triphysaria eriantha,0,0,0,0,0,1,0,0,0,0,0,1,4/28/2011,April
11,2,Triphysaria eriantha,0,0,0,3,24,1,0,0,0,0,0,3,4/12/2011,April
15,5,Triphysaria eriantha,0,0,0,0,4,0,0,0,0,0,0,1,4/12/2011,April
12,3,Triphysaria eriantha,0,0,0,2,39,23,0,0,0,0,0,3,4/12/2011,April
43,2,Trifolium fucatum,0,0,0,0,0,7,0,0,0,0,0,1,4/28/2011,April
15,1,Trifolium fucatum,0,0,0,0,0,23,0,0,0,0,0,1,4/28/2011,April
43,3,Trifolium fucatum,0,0,0,0,1,45,10,0,0,0,0,3,4/28/2011,April
15,5,Trifolium fucatum,0,0,0,0,0,0,3,0,0,0,0,1,5/18/2011,May
15,4,Trifolium fucatum,0,0,0,0,0,0,3,0,0,0,0,1,5/18/2011,May
43,4,Trifolium fucatum,0,0,0,0,0,1,1,0,0,0,0,2,4/28/2011,April
15,2,Trifolium fucatum,0,0,0,0,0,67,0,0,0,0,0,1,4/28/2011,April
43,5,Trifolium gracilentum,0,0,0,0,0,2,6,0,0,0,0,2,5/18/2011,May
43,3,Trifolium gracilentum,0,0,0,0,0,3,0,0,0,0,0,1,4/28/2011,April
15,4,Trifolium gracilentum,0,0,0,0,0,0,2,0,0,0,0,1,5/18/2011,May
15,1,Trifolium gracilentum,0,0,0,0,0,0,1,0,0,0,0,1,5/18/2011,May
43,1,Trifolium gracilentum,0,0,0,0,0,10,0,0,0,0,0,1,4/28/2011,April
43,2,Trifolium gracilentum,0,0,0,0,0,4,0,0,0,0,0,1,4/28/2011,April
15,3,Trifolium gracilentum,0,0,0,0,0,3,0,0,0,0,0,1,4/28/2011,April
43,4,Trifolium gracilentum,0,0,0,0,0,2,1,0,0,0,0,2,4/28/2011,April
40,1,Trifolium gracilentum,0,0,0,0,0,4,0,0,0,0,0,1,4/28/2011,April
38,4,Trifolium gracilentum,0,0,0,0,0,20,0,0,0,0,0,1,4/28/2011,April
41,2,Trifolium hirtum,0,0,0,0,0,0,11,0,0,0,0,1,5/18/2011,May
40,2,Trifolium hirtum,0,0,0,0,0,1,0,0,0,0,0,1,4/28/2011,April
38,2,Trifolium hirtum,0,0,0,0,0,0,8,0,0,0,0,1,5/18/2011,May
41,3,Trifolium hirtum,0,0,0,0,0,0,4,0,0,0,0,1,5/18/2011,May
41,4,Trifolium hirtum,0,0,0,0,0,0,1,0,0,0,0,1,5/18/2011,May
15,3,Triteleia laxa,0,0,0,0,0,0,9,0,0,0,0,1,5/18/2011,May
10,4,Trifolium microcephalum,0,0,0,0,0,2,0,0,0,0,0,1,4/28/2011,April
10,5,Trifolium microcephalum,0,0,0,0,0,5,0,0,0,0,0,1,4/28/2011,April
15,5,Trifolium willdenovii,0,0,0,0,1,0,0,0,0,0,0,1,4/12/2011,April
38,5,Vicia villosa,0,0,0,0,0,0,60,48,0,0,0,2,5/18/2011,May
40,3,Vicia villosa,0,0,0,0,0,1,25,0,0,0,0,2,5/18/2011,May
39,5,Vicia villosa,0,0,0,0,0,0,15,0,0,0,0,1,5/18/2011,May
38,1,Vicia villosa,0,0,0,0,0,0,105,0,4,0,0,2,5/18/2011,May
39,2,Vicia villosa,0,0,0,0,0,2,110,32,0,0,0,3,5/18/2011,May
39,4,Vicia villosa,0,0,0,0,0,4,12,5,0,0,0,3,5/18/2011,May
39,3,Vicia villosa,0,0,0,0,0,1,35,15,6,0,0,4,5/18/2011,May
41,1,Vicia villosa,0,0,0,0,0,1,0,0,0,0,0,1,4/28/2011,April
38,2,Vicia villosa,0,0,0,0,0,6,250,26,0,0,0,3,5/18/2011,May
11,4,Vicia villosa,0,0,0,0,0,0,0,18,0,0,0,1,6/8/2011,June
41,4,Vicia villosa,0,0,0,0,0,2,0,0,0,0,0,1,4/28/2011,April
38,4,Vicia villosa,0,0,0,0,0,15,530,24,7,0,0,4,5/18/2011,May
39,1,Vicia villosa,0,0,0,0,0,0,65,8,3,0,0,3,5/18/2011,May
40,4,Vicia villosa,0,0,0,0,0,1,0,0,0,0,0,1,4/28/2011,April
40,2,Vicia villosa,0,0,0,0,0,1,125,0,0,0,0,2,5/18/2011,May
40,1,Vicia villosa,0,0,0,0,0,1,115,14,0,0,0,3,5/18/2011,May
10,1,Viola douglasii,0,0,1,4,11,1,0,0,0,0,0,4,4/12/2011,April
13,2,Viola douglasii,0,0,0,0,5,5,0,0,0,0,0,2,4/12/2011,April
13,4,Viola douglasii,0,0,0,0,10,55,14,0,0,0,0,3,4/28/2011,April
10,4,Viola douglasii,0,1,0,0,0,0,0,0,0,0,0,1,2/28/2011,February
13,5,Viola douglasii,0,0,0,0,9,4,1,0,0,0,0,3,4/12/2011,April
13,3,Viola douglasii,0,0,0,0,2,4,0,0,0,0,0,2,4/28/2011,April
10,2,Viola douglasii,1,0,4,4,5,0,0,0,0,0,0,4,4/12/2011,April
10,2,Vulpia microstachys,0,0,0,0,0,0,55,0,0,0,0,1,5/18/2011,May
15,1,Vulpia microstachys,0,0,0,0,0,0,180,0,0,0,0,1,5/18/2011,May
10,3,Vulpia microstachys,0,0,0,0,0,0,8,0,0,0,0,1,5/18/2011,May
16,2,Vulpia microstachys,0,0,0,0,0,10,100,0,0,0,0,2,5/18/2011,May
12,1,Vulpia microstachys,0,0,0,0,0,0,60,0,0,0,0,1,5/18/2011,May
10,5,Vulpia microstachys,0,0,0,0,0,0,2,0,0,0,0,1,5/18/2011,May
12,4,Vulpia microstachys,0,0,0,0,0,0,35,0,0,0,0,1,5/18/2011,May
12,3,Vulpia microstachys,0,0,0,0,0,0,8,0,0,0,0,1,5/18/2011,May
10,4,Vulpia microstachys,0,0,0,0,0,0,20,0,0,0,0,1,5/18/2011,May
12,5,Vulpia microstachys,0,0,0,0,0,0,23,0,0,0,0,1,5/18/2011,May
10,1,Vulpia microstachys,0,0,0,0,0,0,24,0,0,0,0,1,5/18/2011,May
12,2,Vulpia microstachys,0,0,0,0,0,0,15,0,0,0,0,1,5/18/2011,May
16,1,Vulpia microstachys,0,0,0,0,0,1,0,0,0,0,0,1,4/28/2011,April
16,4,Vulpia microstachys,0,0,0,0,2,17,12,0,0,0,0,3,4/28/2011,April
16,5,Vulpia microstachys,0,0,0,0,0,5,30,0,0,0,0,2,5/18/2011,May
39,1,Vulpia myuros,0,0,0,0,0,0,35,0,0,0,0,1,5/18/2011,May
40,2,Vulpia myuros,0,0,0,0,0,0,40,0,0,0,0,1,5/18/2011,May
15,5,Vulpia myuros,0,0,0,0,0,5000,0,0,0,0,0,1,4/28/2011,April
12,5,Vulpia myuros,0,0,0,0,0,100,0,0,0,0,0,1,4/28/2011,April
11,4,Vulpia myuros,0,0,0,0,0,5,0,0,0,0,0,1,4/28/2011,April
10,3,Vulpia myuros,0,0,0,0,0,10,0,0,0,0,0,1,4/28/2011,April
12,1,Vulpia myuros,0,0,0,0,0,5,0,0,0,0,0,1,4/28/2011,April
11,2,Vulpia myuros,0,0,0,0,0,5,0,0,0,0,0,1,4/28/2011,April
10,2,Vulpia myuros,0,0,0,0,0,50,0,0,0,0,0,1,4/28/2011,April
10,4,Vulpia myuros,0,0,0,0,0,70,0,0,0,0,0,1,4/28/2011,April
12,3,Vulpia myuros,0,0,0,0,0,30,0,0,0,0,0,1,4/28/2011,April
10,1,Vulpia myuros,0,0,0,0,0,12,0,0,0,0,0,1,4/28/2011,April
12,4,Vulpia myuros,0,0,0,0,0,50,0,0,0,0,0,1,4/28/2011,April
15,2,Zigadenus fremontii,0,0,0,0,1,0,0,0,0,0,0,1,4/12/2011,April
15,3,Zigadenus fremontii,0,0,0,0,1,0,0,0,0,0,0,1,4/12/2011,April
